m_N,y,sin2_2theta,omega_h2_scan,omega_h2,converged,retcode,lambda_fs_Mpc,lambda_fs_eq_Mpc,lambda_fs_free_Mpc,v_end,x_kd,lambda_fs_kd_Mpc,r_s_Mpc,x_kd3,lambda_fs_kd3_Mpc,r_s3_Mpc,x_kd_old,lambda_fs_kd_old_Mpc,r_s_old_Mpc
1.5e-6,1.0e-6,4.659123241943875e-10,0.11974219118905272,0.11971523529699529,true,Success,1.284047156451273,0.6120084415688973,0.6720387148823755,0.029155719427012814,4.0,1.0732338802514947,0.04773906813938503,4.0,1.0732338802514947,0.04773906813938503,4.0,1.0732338802514947,0.04773906813938503
1.5e-6,3.16e-6,6.686844460261075e-11,0.12135235833988045,0.12140231508286459,true,Success,1.3417409721014175,0.6342874592069871,0.7074535128944303,0.030690180996436542,4.0,1.1148481526522243,0.03575089601604843,4.0,1.1148481526522243,0.03575089601604843,4.0,1.1148481526522243,0.03575089601604843
1.5e-6,1.0e-5,8.719082994775045e-12,0.1192460143257911,0.1192460143257911,true,Success,1.382938542546474,0.6499942062033912,0.7329443363430826,0.03179446703861488,4.0,1.141953151366684,0.02808885608101034,4.0,1.141953151366684,0.02808885608101034,7.212712847879154,1.146314494645797,0.08604462486381821
1.5e-6,3.16e-5,1.0820917563898156e-12,0.11971269356687578,0.11975335110583013,true,Success,1.4141019464342954,0.6619124302964591,0.7521895161378362,0.032628078476106465,4.0,1.1616812162018606,0.022611588525044975,4.0,1.1616812162018606,0.022611588525044975,65.86214808670107,0.8252097284306643,0.3708251649931123
1.5e-6,0.0001,1.2884992668339566e-13,0.11984819769285383,0.11983549679172742,true,Success,1.4386051870232046,0.6711459916956847,0.7674591953275199,0.03328942213056586,17.883043168970126,1.0602696045309141,0.19288575538467537,9.882707855187048,1.153840912468237,0.11531975627246382,633.0517507994406,0.4634685108637335,0.6759544335158231
1.5e-6,0.000316,1.4520259473386122e-14,0.12228538321473897,0.12228538321473897,true,Success,1.4431335967312577,0.6717031833531293,0.7714304133781285,0.033461409239615124,181.99334898487174,0.6697118608341049,0.5112749654067646,105.79356270974631,0.7620094584193275,0.4367883801931459,5149.453768274714,0.1886681266494123,0.900346265562267
1.5e-6,0.001,1.1913317491160814e-15,0.122234738669825,0.122234738669825,true,Success,1.3652439149108495,0.63606096643869,0.7291829484721596,0.03163153037131991,1599.2818858279236,0.31097873647135127,0.7514267345465284,961.9949535576455,0.3798950342000236,0.695677654484361,34017.63021260205,0.05006382665907886,0.9624940861293739
1.5e-6,0.00316,5.942522721293609e-17,0.12091177719605258,0.12091177719605258,true,Success,1.6693118957412174,0.7355587695009891,0.9337531262402282,0.04048754689610646,12959.639360146455,0.13225357251267153,1.1649080649686152,8196.722626138358,0.17576924607210237,1.1297046218446778,238562.85823343595,0.0,1.2778600164322678
1.5e-6,0.01,5.1615604287314604e-18,0.12037650294040567,0.12055753028804783,true,Success,2.4518970083983445,0.9877716924093034,1.4641253159890413,0.06337870944113495,100925.12707967024,0.025335734637535128,1.8680394348903635,64857.42673110562,0.0512507948883056,1.8470740558775367,Inf,0.0,1.9191432496367486
2.4999999999999998e-6,1.0e-6,5.699777031332564e-10,0.11949473675904208,0.11949473675904208,true,Success,0.7848434578144363,0.3561843881001502,0.4286590697142861,0.027817091123348663,4.0,0.6634310748193178,0.03591659948440703,4.0,0.6634310748193178,0.03591659948440703,4.0,0.6634310748193178,0.03591659948440703
2.4999999999999998e-6,3.16e-6,8.962233886359392e-11,0.11994144124937592,0.11994144124937592,true,Success,0.8312521977602003,0.3730661616525898,0.45818603610761044,0.029730874561086473,4.0,0.69838630497019,0.025386275624235784,4.0,0.69838630497019,0.025386275624235784,4.0,0.69838630497019,0.025386275624235784
2.4999999999999998e-6,1.0e-5,1.2337806063505825e-11,0.12122816858394783,0.12122816858394783,true,Success,0.8637634972920402,0.38479381269033797,0.47896968460170236,0.0310776864313563,4.0,0.7214093801724122,0.019486068758327063,4.0,0.7214093801724122,0.019486068758327063,4.624248597545506,0.7330947741991047,0.027015236084070485
2.4999999999999998e-6,3.16e-5,1.5772707677961124e-12,0.11938882910565907,0.11933366042680418,true,Success,0.8873872860872328,0.3932395491776556,0.49414773690957725,0.03206109653784137,4.0,0.7366188270337817,0.01553417337721031,4.0,0.7366188270337817,0.01553417337721031,39.34729276419888,0.589060345339293,0.18039173520981502
2.4999999999999998e-6,0.0001,1.9187475832313182e-13,0.11940260640576639,0.11938580877787423,true,Success,0.9057249717293446,0.39973212549357773,0.5059928462357669,0.03282846872714916,10.247328294057349,0.7322932775777443,0.07321068925526877,5.1677981335400425,0.7706659942825321,0.026874221872889733,389.1368494678549,0.36980034592289474,0.36761185037036975
2.4999999999999998e-6,0.000316,2.1928507395956846e-14,0.122522401069479,0.122522401069479,true,Success,0.9128866903825898,0.4017458698396566,0.5111408205429332,0.0331619490391151,109.98641532492395,0.5015560218597479,0.2655832034186993,63.68012383121399,0.5594598418871856,0.22020474613552032,3489.4023962557944,0.174316261737487,0.5301611593554552
2.4999999999999998e-6,0.001,1.6212254035363792e-15,0.12457361140661621,0.12457361140661621,true,Success,0.8431258335441185,0.37256009154893155,0.470565741995187,0.030533126500871772,1017.757402872536,0.2582841793528806,0.41567556289669844,599.5955224386221,0.30477273567134205,0.3780694867074014,24435.07379785894,0.0551584685649307,0.5799976528593609
2.4999999999999998e-6,0.00316,8.651764937347219e-17,0.12066224075068879,0.12066224075068879,true,Success,0.8666191405597441,0.37366967501193776,0.4929494655478063,0.031983463375470984,8269.889218734243,0.11042935431355791,0.5712407142309984,5128.37621679927,0.140688578939221,0.5467616983834975,159196.7159332922,0.008555457145137576,0.6536543879565717
2.4999999999999998e-6,0.01,7.917743074040051e-18,0.12021236214679022,0.12016310987564387,true,Success,1.2578078514308668,0.49968210373881966,0.7581257476920471,0.04914010728214337,66531.77859581004,0.0403806710098657,0.9369838428443028,42584.41328046272,0.05928879957999132,0.921687135606159,Inf,0.0,0.9838910992578055
4.0e-6,1.0e-6,6.323858745762638e-10,0.1197816345443086,0.1197816345443086,true,Success,0.4938411852209933,0.2151364032496136,0.27870478197137966,0.026440012932241595,4.0,0.42157418147162246,0.024788789887686343,4.0,0.42157418147162246,0.024788789887686343,4.0,0.42157418147162246,0.024788789887686343
4.0e-6,3.16e-6,1.1281471912682318e-10,0.11927940639841693,0.11927940639841693,true,Success,0.5300084147021326,0.2276087389906137,0.3023996757115188,0.02868535172689892,4.0,0.44966012246771697,0.01943125438316093,4.0,0.44966012246771697,0.01943125438316093,4.0,0.44966012246771697,0.01943125438316093
4.0e-6,1.0e-5,1.6591573578785856e-11,0.12166316967502003,0.12166316967502003,true,Success,0.5567880984159923,0.23677703401523434,0.32001106440075805,0.0303538163369503,4.0,0.46931102685870996,0.014166072932157096,4.0,0.46931102685870996,0.014166072932157096,4.0,0.46931102685870996,0.014166072932157096
4.0e-6,3.16e-5,2.199092199809974e-12,0.11890039089505156,0.11890039089505156,true,Success,0.5752485571902313,0.24302248711177346,0.3322260700784577,0.03151082800644887,4.0,0.48173196053416995,0.01113388499689034,4.0,0.48173196053416995,0.01113388499689034,24.46232563553436,0.4190666055824795,0.08924542122418577
4.0e-6,0.0001,2.7412493926359407e-13,0.11942765371354426,0.1195674109594124,true,Success,0.5890211029124371,0.24766954700243388,0.3413515559100032,0.03237508122489815,5.794445752594481,0.5055554464247386,0.021927563198673027,4.0,0.49073039419979875,0.008908475977999781,244.82708200384056,0.2853594595349335,0.20558934377710503
4.0e-6,0.000316,3.1704215609184965e-14,0.12212657788118146,0.12212657788118146,true,Success,0.5957970050061445,0.249691312610418,0.3461056923957264,0.032825293412689166,68.5727978724094,0.3714805215076329,0.14134595765573238,39.520586164600395,0.40652400301205865,0.1129433702680157,2334.452441954434,0.15313456160799738,0.31695574740791693
4.0e-6,0.001,2.1073385108577777e-15,0.11656896697479872,0.11656896697479872,true,Success,0.5433004577858682,0.22887302678966429,0.31442743099620396,0.029824873289606438,627.2058711423609,0.20955125366609906,0.23760397276550566,365.31043031090354,0.24001953814572222,0.21295930503017102,17160.351579019065,0.05583097227758195,0.3619599597981198
4.0e-6,0.00316,1.2389302516682855e-16,0.11899986822248097,0.11900387066740958,true,Success,0.49759868691187487,0.2088382079702815,0.28876047894159335,0.027392967847858437,5372.917802546138,0.09152082451522388,0.30564743185886206,3251.5279347666233,0.11276470818653693,0.2884616148942115,111485.06599194297,0.013453680079124954,0.36880202598466616
4.0e-6,0.01,1.1762509709531007e-17,0.1201295004826689,0.1201295004826689,true,Success,0.6765065941065048,0.2657084822164795,0.4107981118900253,0.03894860938572941,45000.07165659238,0.039939527025190116,0.4891824481711301,28567.495510590063,0.05391769319995343,0.4778741218563251,822162.0523778292,0.0,0.5251907202487749
6.5e-6,1.0e-6,6.151343464439469e-10,0.11981080988286745,0.11980710078549822,true,Success,0.305428731517072,0.1279218722067689,0.17750685931030313,0.025119671046969886,4.0,0.26361239668563824,0.015791078085428737,4.0,0.26361239668563824,0.015791078085428737,4.0,0.26361239668563824,0.015791078085428737
6.5e-6,3.16e-6,1.3496249120650837e-10,0.11999600283671355,0.11999600283671355,true,Success,0.3292407294657269,0.13564351676372083,0.1935972127020061,0.02739432338145372,4.0,0.2818917481806081,0.014683209610746366,4.0,0.2818917481806081,0.014683209610746366,4.0,0.2818917481806081,0.014683209610746366
6.5e-6,1.0e-5,2.1747178447104035e-11,0.12006932193198515,0.12006932193198515,true,Success,0.3506722179574863,0.14265009278989063,0.20802212516759566,0.029433018082969484,4.0,0.29831062536197567,0.010368099951189204,4.0,0.29831062536197567,0.010368099951189204,4.0,0.29831062536197567,0.010368099951189204
6.5e-6,3.16e-5,3.0474371001197087e-12,0.12144509877348918,0.12144509877348918,true,Success,0.3656627218156475,0.14746675782749663,0.21819596398815091,0.030870586776365172,4.0,0.3088931129800489,0.0078500923968121,4.0,0.3088931129800489,0.0078500923968121,15.200874435820007,0.2871182151578819,0.04126838751533137
6.5e-6,0.0001,3.9063411009547146e-13,0.11920252823371015,0.1190465040949928,true,Success,0.3760105501211939,0.150788213036957,0.2252223370842369,0.03186325693690536,4.0,0.31590135919199186,0.006273104981278139,4.0,0.31590135919199186,0.006273104981278139,149.96702774047452,0.2098016272263202,0.11063836504117161
6.5e-6,0.000316,4.575469602034799e-14,0.12291313510548826,0.12291313510548826,true,Success,0.38159913019551817,0.15240891871951823,0.22919021147599997,0.03242376969508587,42.06944498540294,0.26370768546826195,0.07136998494784877,24.047820316642973,0.2846988282931671,0.05398193741123949,1492.4425635159782,0.1260641895067596,0.18213089543893402
6.5e-6,0.001,2.769642248537319e-15,0.12034119240444038,0.11965808646845137,true,Success,0.3442063882694091,0.13831497026474737,0.20589141800466174,0.029131914372132372,391.50009863413857,0.15853232475716908,0.13252633419431523,226.84855639015325,0.17740533946157605,0.11726507715612344,12033.792930813186,0.05174768837910685,0.21891153087927592
6.5e-6,0.00316,1.8395921583453568e-16,0.12013221806298066,0.1197323842943606,true,Success,0.3053419599139951,0.12301208352948222,0.18232987638451292,0.02580154989180056,3472.405827915136,0.07644138317440761,0.17202585518392835,2055.7257032731154,0.09106023642089844,0.16019943347346938,80385.98647251388,0.015220766136806698,0.22155249334652372
6.5e-6,0.01,1.7730791902953495e-17,0.11995135224585102,0.11995135224585102,true,Success,0.3581453802708683,0.1390800984255345,0.21906528184533378,0.03099340924635182,29586.794932289376,0.03452607716060102,0.24796990539016434,18487.841519984308,0.04454166770638971,0.23986732532064992,559134.8311168908,0.0014855625475876319,0.27469957455556465
9.999999999999999e-6,1.0e-6,5.05566005682097e-10,0.11996655275633328,0.11996689247188792,true,Success,0.2009078048691863,0.08128624609783644,0.11962155877134986,0.02427767600244215,4.0,0.17517365771217508,0.010483610409304263,4.0,0.17517365771217508,0.010483610409304263,4.0,0.17517365771217508,0.010483610409304263
9.999999999999999e-6,3.16e-6,1.458189382096489e-10,0.11999981063798662,0.11997600780482595,true,Success,0.21321633048566485,0.08503605496821849,0.12818027551744635,0.026013058498602727,4.0,0.18416806879085154,0.010242210995014761,4.0,0.18416806879085154,0.010242210995014761,4.0,0.18416806879085154,0.010242210995014761
9.999999999999999e-6,1.0e-5,2.6596890598392102e-11,0.1200442911353011,0.11997556428237585,true,Success,0.23060676756787096,0.09048797120178637,0.1401187963660846,0.02843316376858377,4.0,0.1978048394286922,0.008201791885583764,4.0,0.1978048394286922,0.008201791885583764,4.0,0.1978048394286922,0.008201791885583764
9.999999999999999e-6,3.16e-5,3.959019222363755e-12,0.1200010301799631,0.1200010301799631,true,Success,0.24287526945702137,0.09429056301050462,0.14858470644651675,0.030148887712291718,4.0,0.2069437252815414,0.005873542381355482,4.0,0.2069437252815414,0.005873542381355482,9.982615622123845,0.20161318893380692,0.019724067010178314
9.999999999999999e-6,0.0001,5.261469061814893e-13,0.11888057065968834,0.11870572102711338,true,Success,0.2512929535964506,0.09686760626120583,0.1544253473352448,0.03133234427254873,4.0,0.21272904450651098,0.004592870429654152,4.0,0.21272904450651098,0.004592870429654152,96.66537755831793,0.15506809622884082,0.0628137454822866
9.999999999999999e-6,0.000316,6.21538979257922e-14,0.1198855073481382,0.1198855073481382,true,Success,0.2556366385775492,0.09808495221535678,0.15755168636219244,0.03196573911062594,26.6705506858707,0.19079953352573828,0.03725245008279407,15.07374543166294,0.20403666625050268,0.02609218350615238,967.8372010216756,0.10144481884600771,0.10926478624286567
9.999999999999999e-6,0.001,3.562029787630178e-15,0.11951171207561224,0.11951171207561224,true,Success,0.22922655248166557,0.08849641515974573,0.14073013732191983,0.02855707219802812,252.99372185566344,0.12011544824927502,0.07799080517152816,146.27861295602114,0.13228424265465277,0.06815817997725115,8403.402962431961,0.04639238241384235,0.13762755028269605
9.999999999999999e-6,0.00316,2.613376866751735e-16,0.11981679933030412,0.11981679933030412,true,Success,0.20437355069562604,0.07917300030281041,0.12520055039281563,0.02540892092440382,2321.267333309575,0.06398000939540953,0.10543633683181874,1357.0278374917748,0.07412748516947949,0.09722714818855381,60206.32199852872,0.015613810976770025,0.1445642871485136
9.999999999999999e-6,0.01,2.5530736770197652e-17,0.12003647935392431,0.1200373828411898,true,Success,0.21117499389851488,0.08067345049335808,0.1305015434051568,0.026483665724387543,20217.861085751094,0.029311906450332582,0.13895373899062138,12374.630595465733,0.036663763501250064,0.1330061154613729,403753.56617837667,0.003493066853385048,0.1598410803399788
1.6e-5,1.0e-6,3.229137588356963e-10,0.11999480689143578,0.11999480689143578,true,Success,0.1272110591319172,0.04959067966407569,0.0776203794678415,0.023463259321405104,4.0,0.111795716747786,0.006653550908311102,4.0,0.111795716747786,0.006653550908311102,4.0,0.111795716747786,0.006653550908311102
1.6e-5,3.16e-6,1.3813269273797492e-10,0.11960049216054101,0.11959098879155793,true,Success,0.1314689244407424,0.05077870783372801,0.0806902166070144,0.02439042860691029,4.0,0.11461538475418868,0.006571943567538299,4.0,0.11461538475418868,0.006571943567538299,4.0,0.11461538475418868,0.006571943567538299
1.6e-5,1.0e-5,3.102650631746359e-11,0.11975194366101281,0.11975194366101281,true,Success,0.1441021082632249,0.054580317469103676,0.08952179079412122,0.02705726708776634,4.0,0.12465888240932112,0.0063109536484261455,4.0,0.12465888240932112,0.0063109536484261455,4.0,0.12465888240932112,0.0063109536484261455
1.6e-5,3.16e-5,5.08788023966031e-12,0.1200302671610763,0.1200302671610763,true,Success,0.1543242909505682,0.05763027545384235,0.09669401549672586,0.02922242338517529,4.0,0.1325634256792968,0.004386125806691064,4.0,0.1325634256792968,0.004386125806691064,6.520598955891944,0.13372228647528914,0.008607152756180517
1.6e-5,0.0001,7.135944501196961e-13,0.12179879261988354,0.12179879261988354,true,Success,0.16108665702735245,0.059624890468562626,0.10146176655878983,0.030661387201731508,4.0,0.13747972961471042,0.0033043575629511978,4.0,0.13747972961471042,0.0033043575629511978,60.811489071963415,0.10943031163166247,0.03343580041511242
1.6e-5,0.000316,8.483680365736108e-14,0.12009691539174702,0.12009691539174702,true,Success,0.16421699116631,0.060457210126812405,0.1037597810394976,0.03135485699567735,16.27633691229971,0.13126683786515672,0.017408354234828404,8.946611255072433,0.13933369871594645,0.010563974368434122,604.4752748326003,0.07633556260840316,0.06186110172555608
1.6e-5,0.001,4.710707411815799e-15,0.11949428886449057,0.11949428886449057,true,Success,0.1466819486504481,0.05431918521806108,0.09236276343238702,0.027914970658282846,156.6584250549291,0.08626130280388526,0.043348486651337954,90.54306656133737,0.09385679446154545,0.03732318400720617,5477.819119683008,0.039016638269059954,0.08156025833932097
1.6e-5,0.00316,3.8146547430827774e-16,0.11927097157452818,0.11939998342613518,true,Success,0.13283294541169546,0.04934380459306364,0.08348914081863182,0.025235695557595524,1469.8784453561914,0.05066818649230477,0.06167994311182892,853.1963201756852,0.057238094647348595,0.056365003380496985,43056.941350215406,0.015149950132119363,0.09041415609015385
1.6e-5,0.01,3.7913582335965044e-17,0.12001480003737154,0.12001480003737154,true,Success,0.12774108005525728,0.047294454403652694,0.08044662565160457,0.02431686121102768,13312.39201833214,0.024782747432275664,0.07851699683684871,7957.736108206486,0.029999888421131368,0.07429633582252837,291409.78963865765,0.004340197016838581,0.0950549985415721
2.4999999999999998e-5,1.0e-6,1.7071819144100403e-10,0.11906524188279574,0.11906524188279574,true,Success,0.08136957651787971,0.030702461446439247,0.050667115071440456,0.022444786084878474,4.0,0.07174337104775398,0.0042915724622369185,4.0,0.07174337104775398,0.0042915724622369185,4.0,0.07174337104775398,0.0042915724622369185
2.4999999999999998e-5,3.16e-6,1.081499202378856e-10,0.11997116076694371,0.11997116076694371,true,Success,0.082879097989312,0.031100708068297844,0.05177838992101417,0.022936689949306047,4.0,0.07270098846446427,0.004263610406528403,4.0,0.07270098846446427,0.004263610406528403,4.0,0.07270098846446427,0.004263610406528403
2.4999999999999998e-5,1.0e-5,3.2640114889889005e-11,0.11916535438294855,0.11916535438294855,true,Success,0.09075015907340735,0.033399223228880746,0.057350935844526586,0.025402989905587106,4.0,0.07911902941516603,0.004244505029389156,4.0,0.07911902941516603,0.004244505029389156,4.0,0.07911902941516603,0.004244505029389156
2.4999999999999998e-5,3.16e-5,6.163642402897572e-12,0.12099356120107736,0.12099356120107736,true,Success,0.09923190679965585,0.0358613693973763,0.06337053740227953,0.028066384355162642,4.0,0.08594655496900788,0.0035890014003608192,4.0,0.08594655496900788,0.0035890014003608192,4.37558600513131,0.08669390299746287,0.004031618783280466
2.4999999999999998e-5,0.0001,9.20962678144906e-13,0.12008010492207417,0.12008010492207417,true,Success,0.10485760707728316,0.037457142421406034,0.06740046465587714,0.0298489571804924,4.0,0.090148299886832,0.0024808065340400673,4.0,0.090148299886832,0.0024808065340400673,38.18142148016571,0.07674763464046283,0.01781192820691443
2.4999999999999998e-5,0.000316,1.1040702628076557e-13,0.11985145457308452,0.11985145457308452,true,Success,0.10709164640707715,0.03802628557688656,0.06906536083019058,0.030585276870763414,9.933991190381034,0.09054430506096735,0.0077338896791404686,5.093147066152147,0.09403225500254103,0.0034289020323990784,383.02902414616045,0.05624963460384925,0.03562319752474245
2.4999999999999998e-5,0.001,6.063463751333047e-15,0.11964984548063302,0.11964984548063302,true,Success,0.0953741572974246,0.0340490229881815,0.06132513430924311,0.0271614822145158,99.02540093936152,0.061391738225269464,0.02461207261065958,57.333896878309915,0.06647469748458232,0.020855570603483746,3549.548215459175,0.03134044682467759,0.04894308965682342
2.4999999999999998e-5,0.00316,5.430867261300149e-16,0.12243173117520881,0.12243173117520881,true,Success,0.08814702487626742,0.03151783176439367,0.056629193111873755,0.02508359749775642,957.0287412153205,0.03899585209416184,0.03692318382047706,553.831654247979,0.04324945370405398,0.03348221370050008,30750.380353260934,0.01393179441480831,0.05720001099165275
2.4999999999999998e-5,0.01,5.483332844547664e-17,0.11999407019691215,0.1199780903547673,true,Success,0.08323614097097075,0.02973773023499733,0.05349841073597341,0.023698005944474864,8854.119510573888,0.020978402215734347,0.04747198052799851,5204.5600598307965,0.024637919797974556,0.044511422345320704,216641.97655956048,0.004636422875425465,0.0606926842075034
3.9999999999999996e-5,1.0e-6,7.716538777025861e-11,0.11951158357536992,0.11951158357536992,true,Success,0.05050799113157515,0.018432768489208804,0.03207522264236634,0.021344405244615536,4.0,0.04454429847926328,0.0026853591534722137,4.0,0.04454429847926328,0.0026853591534722137,4.0,0.04454429847926328,0.0026853591534722137
3.9999999999999996e-5,3.16e-6,6.417163526389216e-11,0.11921853705382439,0.11921876112428242,true,Success,0.051090063990556385,0.01859200532865829,0.032498058661898095,0.021625588818842467,4.0,0.04496297443028645,0.0026796599971455792,4.0,0.04496297443028645,0.0026796599971455792,4.0,0.04496297443028645,0.0026796599971455792
3.9999999999999996e-5,1.0e-5,2.949456405595186e-11,0.11925035550714491,0.11925035550714491,true,Success,0.05487904046819178,0.019683657990981193,0.03519538247721059,0.023419112499476688,4.0,0.0481792861164467,0.002681852141540095,4.0,0.0481792861164467,0.002681852141540095,4.0,0.0481792861164467,0.002681852141540095
3.9999999999999996e-5,3.16e-5,6.970113214077536e-12,0.11940074240492958,0.11940074240492958,true,Success,0.06135811449889641,0.021515561229777786,0.039842553269118626,0.026508349260587302,4.0,0.053563886791679415,0.002680280918811943,4.0,0.053563886791679415,0.002680280918811943,4.0,0.053563886791679415,0.002680280918811943
3.9999999999999996e-5,0.0001,1.1579816681496483e-12,0.12000192649973758,0.11998860597918239,true,Success,0.066097379232927,0.022822971416437066,0.04327440781648993,0.028788988361705167,4.0,0.05731878739558205,0.0019251372698042672,4.0,0.05731878739558205,0.0019251372698042672,23.54357489193102,0.05157302595152005,0.009039624026141887
3.9999999999999996e-5,0.000316,1.393566895135316e-13,0.11992715678958214,0.11992715678958214,true,Success,0.06763212080311835,0.023188755903061256,0.0444433649000571,0.029565670779586963,5.62385300665423,0.05973779584602458,0.0027806934682239612,4.0,0.058514382152822016,0.0016396450910334064,235.79305090346452,0.039492147348081846,0.019665819057982765
3.9999999999999996e-5,0.001,7.983344782651469e-15,0.11997560276070002,0.11997560276070002,true,Success,0.060477402864229465,0.020825884972724324,0.039651517891505145,0.026381378348072942,61.27647026259351,0.04244817529829811,0.014001995777868063,35.28446558333296,0.04529185270016112,0.011693911556204608,2215.4014162769586,0.02375756969069828,0.028909654506577617
3.9999999999999996e-5,0.00316,7.741674915282094e-16,0.11905261801555037,0.11905261801555037,true,Success,0.05694854425271832,0.019610139265405203,0.03733840498731312,0.024843830802268527,588.9752750165375,0.028748325338752854,0.02124685640110292,340.37377809881497,0.031402192569747404,0.01910025728105449,20223.785154982288,0.012197489798559408,0.03463641491704761
3.9999999999999996e-5,0.01,7.988441381331113e-17,0.11941102288896584,0.11941102288896584,true,Success,0.05373067987385392,0.01848819719451692,0.035242482679337,0.023450427824497966,5640.676053045821,0.016942450562645227,0.02805166293422628,3282.7954545211155,0.019349036115727438,0.026104724168106795,156514.46864894385,0.004620206984367461,0.03802042539029862
6.5e-5,1.0e-6,3.168514678470572e-11,0.11943223348848138,0.11943227795036741,true,Success,0.030999893855554395,0.010931804895052636,0.020068088960501756,0.020421140988369547,4.0,0.027279389461563233,0.0016536070114290698,4.0,0.027279389461563233,0.0016536070114290698,4.0,0.027279389461563233,0.0016536070114290698
6.5e-5,3.16e-6,3.012261932546406e-11,0.11993128846455847,0.11993128846455847,true,Success,0.031165762154301693,0.010980371779321069,0.020185390374980624,0.020540432012243495,4.0,0.02742702740632835,0.0016534631516636994,4.0,0.02742702740632835,0.0016534631516636994,4.0,0.02742702740632835,0.0016534631516636994
6.5e-5,1.0e-5,2.0809363466208132e-11,0.1198731870805268,0.1198731870805268,true,Success,0.03251285795884183,0.011368260262120436,0.0211445976967214,0.0215158597310778,4.0,0.028622542362841823,0.001654314713703987,4.0,0.028622542362841823,0.001654314713703987,4.0,0.028622542362841823,0.001654314713703987
6.5e-5,3.16e-5,7.02852796687273e-12,0.11950852255089166,0.11950852255089166,true,Success,0.03649515689895394,0.012493334201208241,0.024001822697745697,0.024420848209852013,4.0,0.032121238038898596,0.0016762155384735357,4.0,0.032121238038898596,0.0016762155384735357,4.0,0.032121238038898596,0.0016762155384735357
6.5e-5,0.0001,1.3764801427515951e-12,0.11925727025225043,0.11925727025225043,true,Success,0.04044575236596707,0.01354826986144412,0.026897482504522955,0.027363983208587923,4.0,0.035350783847312876,0.001667629734332769,4.0,0.035350783847312876,0.001667629734332769,14.210343889868195,0.03334499474109816,0.004559192679073833
6.5e-5,0.000316,1.6733836220217715e-13,0.11998590551229324,0.11998590551229324,true,Success,0.04153504910234186,0.013780502346461073,0.02775454675588079,0.02823490318056238,4.0,0.03625245317650333,0.001869218916122762,4.0,0.03625245317650333,0.001869218916122762,141.91661596626443,0.02656808222074593,0.011111969155927062
6.5e-5,0.001,1.0582660086120257e-14,0.12116462600087081,0.12116462600087081,true,Success,0.03757081301148471,0.012506364596233159,0.02506444841525155,0.025501010711345164,37.1987377729919,0.02828907751991948,0.0071298285596006865,21.31351196445988,0.029928784430941567,0.005754097685695774,1353.1901290689646,0.017094993312271496,0.016037987177312453
6.5e-5,0.00316,1.1002498405578117e-15,0.12165539896410726,0.12165539896410726,true,Success,0.03603829597914915,0.01196579638782174,0.024072499591327404,0.024492695479356008,364.20618237528686,0.02027026767930821,0.011998737701617173,210.333991887353,0.02188537317730968,0.01069280846845565,12954.577989634688,0.009912245546518459,0.020378146633324764
6.5e-5,0.01,1.160266098226955e-16,0.11998450818249205,0.11998450818249205,true,Success,0.034183029729891866,0.011330764217063262,0.022852265512828603,0.023252177740586927,3505.112706493188,0.01295298030426089,0.016206426649574564,2030.1890684571988,0.01446135686251197,0.01498614323341142,108987.63055444448,0.0043241963838536734,0.023187175361629706
9.999999999999999e-5,1.0e-6,1.4077449731216117e-11,0.11984883079668762,0.119847497058449,true,Success,0.02022204438533727,0.0069195516915364266,0.013302492693800842,0.019781366900972038,4.0,0.017744781122662787,0.001077250032086823,4.0,0.017744781122662787,0.001077250032086823,4.0,0.017744781122662787,0.001077250032086823
9.999999999999999e-5,3.16e-6,1.3784169983546339e-11,0.11933793285083216,0.11933784575570164,true,Success,0.02026646354880751,0.006932147347906262,0.013334316200901246,0.019828662305678924,4.0,0.017788589143685148,0.001077370072221828,4.0,0.017788589143685148,0.001077370072221828,4.0,0.017788589143685148,0.001077370072221828
9.999999999999999e-5,1.0e-5,1.1943103408895073e-11,0.11950026551139256,0.11950026551139256,true,Success,0.02067133249613942,0.007051085692779464,0.013620246803359952,0.020253597265466744,4.0,0.018180843955711377,0.0010790665449333413,4.0,0.018180843955711377,0.0010790665449333413,4.0,0.018180843955711377,0.0010790665449333413
9.999999999999999e-5,3.16e-5,6.004693199230905e-12,0.1188759068132052,0.1188759068132052,true,Success,0.022672027853506024,0.007616813962619012,0.015055213890887011,0.022385917487707938,4.0,0.020017545128635825,0.0010895643532926962,4.0,0.020017545128635825,0.0010895643532926962,4.0,0.020017545128635825,0.0010895643532926962
9.999999999999999e-5,0.0001,1.4868607093421805e-12,0.11924303325105788,0.11924303325105788,true,Success,0.02570151359518057,0.00842627481286355,0.01727523878231702,0.02568390563805554,4.0,0.022625391927605727,0.0011172552699563847,4.0,0.022625391927605727,0.0011172552699563847,9.140010631232206,0.02202058980396681,0.0022316586213782636
9.999999999999999e-5,0.000316,1.8641264784777513e-13,0.11996541659034181,0.11996541659034181,true,Success,0.0265018985716265,0.008579941290968328,0.01792195728065817,0.026644420908222204,4.0,0.023318027055279727,0.0012923426100555037,4.0,0.023318027055279727,0.0012923426100555037,89.61939018385,0.018139986393564147,0.0062222618037788635
9.999999999999999e-5,0.001,1.3044955405606295e-14,0.11909460514777709,0.11910133768886555,true,Success,0.02431964779975264,0.007877541582426704,0.016442106217325933,0.024446371071710805,23.35351448627829,0.01929942775907422,0.003783848568842348,13.264913758283273,0.02030062458864047,0.002926729647903002,855.3653914959018,0.01234582963272277,0.009347117796873314
9.999999999999999e-5,0.00316,1.4667493123684639e-15,0.11999957361606663,0.11999957361606663,true,Success,0.023823484088174366,0.0076835666799351015,0.016139917408239262,0.023997458483739936,232.8412430700317,0.014556093657833282,0.007198421625881771,134.4558331934004,0.015586582710090962,0.006365925819554282,8405.865257563757,0.007873861822220659,0.012603875386717995
9.999999999999999e-5,0.01,1.5903728480022506e-16,0.11970488308281864,0.11970488308281864,true,Success,0.022778706547713846,0.007325005841041372,0.015453700706672471,0.02297797922164007,2272.372042123298,0.009856986370411111,0.009878376995722077,1313.736043357355,0.010835897530834178,0.009086437321486935,76048.48621566853,0.0038817709139004567,0.014712374040508402
0.00015999999999999999,1.0e-6,5.729263492311838e-12,0.11997756502372052,0.11997756502372052,true,Success,0.012767133558764208,0.004229850133382713,0.008537283425381495,0.019257286613238687,4.0,0.011167197076765693,0.0006788907251364119,4.0,0.011167197076765693,0.0006788907251364119,4.0,0.011167197076765693,0.0006788907251364119
0.00015999999999999999,3.16e-6,5.6962423785227e-12,0.11982321865522137,0.11982321865522137,true,Success,0.012777065269494221,0.004233067357518157,0.008543997911976063,0.01927242392848403,4.0,0.01118052155025353,0.0006789200816654159,4.0,0.01118052155025353,0.0006789200816654159,4.0,0.01118052155025353,0.0006789200816654159
0.00015999999999999999,1.0e-5,5.461873657032223e-12,0.11995225116949633,0.11995225116949633,true,Success,0.012861831269368995,0.004258897807089344,0.008602933462279649,0.019405288938245863,4.0,0.011270643219008007,0.0006795427847415045,4.0,0.011270643219008007,0.0006795427847415045,4.0,0.011270643219008007,0.0006795427847415045
0.00015999999999999999,3.16e-5,4.0053879352101635e-12,0.11992957953043219,0.11993249209136403,true,Success,0.013517913964478009,0.0044503091935325315,0.00906760477094548,0.020452795223551146,4.0,0.01193048037529174,0.0006842092246542821,4.0,0.01193048037529174,0.0006842092246542821,4.0,0.01193048037529174,0.0006842092246542821
0.00015999999999999999,0.0001,1.4326740359048835e-12,0.11955423049694638,0.11955423049694638,true,Success,0.015347422014866977,0.004937669769502296,0.010409752245364681,0.023477812514464323,4.0,0.013578800493735523,0.0007019057295985871,4.0,0.013578800493735523,0.0007019057295985871,5.743741156056435,0.013546500516232893,0.0009688640104687701
0.00015999999999999999,0.000316,1.9737766755899684e-13,0.11983522626599594,0.11984027692714583,true,Success,0.01587875298029785,0.005030768284326823,0.010847984695971025,0.024465327461702394,4.0,0.014064889518235466,0.0007940250864852271,4.0,0.014064889518235466,0.0007940250864852271,53.844434621801405,0.011657016596772055,0.0031522544963862088
0.00015999999999999999,0.001,1.542228579047402e-14,0.11940515603450962,0.11940515603450962,true,Success,0.014834658530242134,0.004683176862083774,0.01015148166815836,0.022895776410927042,13.969554718250372,0.012342950547597388,0.0018123600199496446,7.788146940385382,0.012938667438597834,0.0013119140132251356,518.5014367397181,0.00831193471148782,0.0050724308632026345
0.00015999999999999999,0.00316,1.958753559515349e-15,0.12134963961662633,0.12136259432293517,true,Success,0.015058225472157662,0.004714756512899864,0.010343468959257798,0.023328440478929645,144.33459849783537,0.009926477435791444,0.003954303836448826,83.23316811551915,0.010529900477710984,0.0034478338735220745,5246.916887827576,0.005841245104051483,0.007258400582719816
0.00015999999999999999,0.01,2.210935968704196e-16,0.12219141794636647,0.12219141794636647,true,Success,0.01455215602251145,0.004537109058899945,0.010015046963611506,0.022588294463559516,1425.6292581076184,0.007086056620500253,0.005752009063277294,823.5614036861913,0.007690321410008033,0.005263166968227521,50020.14382963044,0.0032505314342470746,0.008854978536036886
0.00025,1.0e-6,2.423692564190904e-12,0.11998839654499918,0.11998843419736033,true,Success,0.008283353475916331,0.0026653201460281675,0.005618033329888164,0.018880729836787038,4.0,0.007248385362014493,0.00044044107074928807,4.0,0.007248385362014493,0.00044044107074928807,4.0,0.007248385362014493,0.00044044107074928807
0.00025,3.16e-6,2.4199348163748344e-12,0.11995101332801847,0.11995101332801847,true,Success,0.008286198686723843,0.0026662478707289174,0.005619950815994924,0.018887170582284687,4.0,0.007252159981824594,0.0004404375837104568,4.0,0.007252159981824594,0.0004404375837104568,4.0,0.007252159981824594,0.0004404375837104568
0.00025,1.0e-5,2.3907889507538765e-12,0.11999342932908648,0.11999344476589359,true,Success,0.008305816858811934,0.0026720051168854673,0.005633811741926467,0.01893372867536666,4.0,0.0072739661668944095,0.00044059564364193863,4.0,0.0072739661668944095,0.00044059564364193863,4.0,0.0072739661668944095,0.00044059564364193863
0.00025,3.16e-5,2.1340540149325924e-12,0.11967516314065543,0.11967397129506498,true,Success,0.008471560751953894,0.002722599358061731,0.005748961393892164,0.019320502938099775,4.0,0.007452194336365211,0.0004419917450516847,4.0,0.007452194336365211,0.0004419917450516847,4.0,0.007452194336365211,0.0004419917450516847
0.00025,0.0001,1.1608543090716697e-12,0.11974269995283533,0.11974269995283533,true,Success,0.009259783906314503,0.0029398311744139823,0.00631995273190052,0.02123820059966627,4.0,0.00822287611518493,0.000450269079060892,4.0,0.00822287611518493,0.000450269079060892,4.0,0.00822287611518493,0.000450269079060892
0.00025,0.000316,1.9570967016878428e-13,0.11999460834563382,0.11998331026258294,true,Success,0.009518194670916627,0.0029675637038871997,0.006550630967029427,0.022012845704306894,4.0,0.008467043325362552,0.0004950723465848352,4.0,0.008467043325362552,0.0004950723465848352,32.66786971615495,0.00733796601803257,0.0015864256026737284
0.00025,0.001,1.6254500971337507e-14,0.11962153951829249,0.11962153951829249,true,Success,0.008954335484386077,0.0027668476009510205,0.006187487883435057,0.020793341933112358,8.326952027177109,0.007734589708415708,0.000833627518073606,4.462758253526222,0.00801600149369331,0.0005449001793803029,316.5514435914994,0.005439007129719457,0.002722010361651434
0.00025,0.00316,2.481358907281495e-15,0.12064616087748864,0.12066035427478938,true,Success,0.009649583639712075,0.0029477533635640946,0.006701830276147981,0.022520559193073744,90.29582604190381,0.00674715426891182,0.0022001180183915795,52.269422727822175,0.007182628854995882,0.0018885735664817202,3298.2196805012427,0.0042440438569954445,0.004245664904520353
0.00025,0.01,2.954808261244856e-16,0.11998099968310968,0.1199821092247962,true,Success,0.009481586626062095,0.0028776243050918303,0.006603962320970265,0.02219193044942994,896.590331923353,0.005083407506870058,0.0034431130961404366,517.7930324277817,0.00546383764897921,0.003135365245119975,32178.95024352881,0.002624805389771272,0.005432135691964374
