x_nu,x_N,hubble,ent,y_n,y_rho,xi_N,xi_A,y_N1,y_N2,y_A,coll_n,coll_A_N2nu,coll_AA_NN
1.5648423937351156e-5,1.1457662347958343e-5,3.24251250567255e-20,0.11950369931955025,3.521448942998733e-11,5.6157457335884115e-11,-21.270666773475437,-42.541333546950874,1.7607244699716174e-11,1.7607244699716174e-11,1.527740011153003e-20,1.476557612567716e-35,1.58578152980918e-45,1.4765576124091378e-35
1.5648439585782905e-5,1.1457678287030154e-5,3.2425042160672415e-20,0.11950320064069433,3.5214489435339276e-11,5.6157457335884115e-11,-21.270666772867514,-42.54133354573503,1.7607244702392194e-11,1.7607244702392194e-11,1.5277400123139394e-20,1.4765492193438913e-35,1.5857776490362624e-45,1.4765492191853135e-35
1.5649358101911868e-5,1.1458613873787684e-5,3.2420176926837976e-20,0.11947393420273543,3.521448974948333e-11,5.6157457335884115e-11,-21.270666737183998,-42.541333474367995,1.760724485946426e-11,1.760724485946426e-11,1.5277400804578063e-20,1.4760566604576079e-35,1.5855498826596425e-45,1.4760566602990528e-35
1.5658546229000313e-5,1.1467973944819925e-5,3.2371564720798145e-20,0.1191816637393561,3.5214492892886905e-11,5.615745733588511e-11,-21.270666380125945,-42.54133276025189,1.7607246431166015e-11,1.7607246431166015e-11,1.5277407623223647e-20,1.471140095934742e-35,1.583274011827999e-45,1.4711400957764147e-35
1.5750724724879572e-5,1.1561985080853709e-5,3.1889471495731463e-20,0.116298333843151,3.521452452436717e-11,5.615745733589528e-11,-21.270662787119427,-42.541325574238854,1.76072622469061e-11,1.76072622469061e-11,1.5277476238111568e-20,1.4228714821446792e-35,1.5606953839130204e-45,1.4228714819886098e-35
1.670288793714488e-5,1.2591431794175624e-5,2.7271364642782794e-20,0.0900446363947459,3.5214862213176305e-11,5.61574573360116e-11,-21.27062442939031,-42.54124885878062,1.7607431091308718e-11,1.7607431091308718e-11,1.5278208766744678e-20,1.0041311293961261e-35,1.3461784284613313e-45,1.0041311292615083e-35
1.98689910246585e-5,1.657617807188908e-5,1.6434215609535987e-20,0.03947081181548398,3.521610740247057e-11,5.615745733655407e-11,-21.27048299276926,-42.54096598553852,1.7608053685934746e-11,1.7608053685934746e-11,1.5280910125745965e-20,3.263411003100927e-36,8.463018441411619e-46,3.263411002254626e-36
2.862535714297768e-5,2.7221726293051067e-5,6.3540202770458936e-21,0.00891447794928624,3.521917900089284e-11,5.6157457338739517e-11,-21.270134122226533,-42.54026824445307,1.7609589483348816e-11,1.7609589483348816e-11,1.5287575391812674e-20,4.289803320893086e-37,3.498653578617311e-46,4.289803317394433e-37
4.381658829911189e-5,4.3573087504333895e-5,2.5294035225164755e-21,0.0021744544463265774,3.522356956809051e-11,5.615745734415745e-11,-21.26963549617266,-42.53927099234532,1.761178476979334e-11,1.761178476979334e-11,1.5297106817539074e-20,6.251687273506502e-38,1.4168868167394947e-46,6.251687259337633e-38
9.217344458420926e-5,9.785971899478024e-5,5.185708516446372e-22,0.00019216970017687116,3.523685949724016e-11,5.6157457380200174e-11,-21.268126568939486,-42.53625313787897,1.7618429723330084e-11,1.7618429723330084e-11,1.5325986645130222e-20,2.2683719032783012e-39,2.9657303870326426e-47,2.2683718736209973e-39
0.00024067014697334366,0.0002701032471054843,6.943450631207363e-23,9.167981273184218e-6,3.527383141629178e-11,5.615745767765367e-11,-21.263931749293285,-42.52786349858657,1.7636916188334518e-11,1.7636916188334518e-11,1.5406558819479594e-20,3.513363072442807e-41,4.086015536422852e-48,3.5133626638412535e-41
0.0006284035483913531,0.0007077060580585373,1.0159572466599233e-23,5.133169679295118e-7,3.5357348997636754e-11,5.6157459700875144e-11,-21.254471975759596,-42.50894395151919,1.76786747243405e-11,1.76786747243405e-11,1.5589808623080052e-20,6.7189291051561696e-43,6.024929082735018e-49,6.718923080227087e-43
0.0025911610872725336,0.0029526475343900262,5.9708909276264995e-25,7.286993476469633e-9,3.571842969137833e-11,5.6157499747325805e-11,-21.21382548733636,-42.42765097467272,1.7859221205177976e-11,1.7859221205177976e-11,1.6402175609804827e-20,1.9392213815175453e-45,3.638108671566353e-50,1.9391850004308296e-45
0.010684401444553914,0.012606801095755451,3.589953676112717e-26,1.0385559855764808e-10,3.6975005571816235e-11,5.61583129465564e-11,-21.075454491582747,-42.15090898316549,1.848751575635027e-11,1.848751575635027e-11,1.9495111946329696e-20,5.81988306426707e-48,2.3524266355556422e-51,5.817530637631515e-48
0.029873639523515776,0.03783839346989522,4.811464744032721e-27,4.747052088505364e-12,3.967712318574087e-11,5.616667570638198e-11,-20.79281630817624,-41.58563261635248,1.9838613541755234e-11,1.9838613541755234e-11,2.770682862491676e-20,9.56674382176256e-50,3.632428856970425e-52,9.530419533192855e-50
0.04907079077441708,0.06645719659829469,1.8140819881694688e-27,1.0738525060639007e-12,4.245779452046745e-11,5.6190222393989474e-11,-20.52090207846336,-41.04180415692672,2.122906669430014e-11,2.122906669430014e-11,3.8764455122779303e-20,1.4516136785901623e-50,1.6051387912135934e-52,1.4355622906780263e-50
0.07391639615499715,0.10983019968555126,8.030169925177219e-28,3.139621670119868e-13,4.657229122473997e-11,5.626205099555544e-11,-20.149133293397245,-40.29826658679449,2.328597897055709e-11,2.328597897055709e-11,6.1081011813333e-20,3.387369096720221e-51,8.905484270240396e-53,3.298314254017817e-51
0.1046215129151552,0.17695279789441948,4.010061176431164e-28,1.1068374701960221e-13,5.3042119172210596e-11,5.6472578620604645e-11,-19.626108921211596,-39.25221784242319,2.6520633413608032e-11,2.6520633413608032e-11,1.1470917037063975e-19,1.1375839963294385e-51,6.069914557097577e-53,1.0768848507584628e-51
0.14808163728252866,0.31507499948383555,2.0017029783207628e-28,3.903111088952918e-14,6.700519405650731e-11,5.7295069934673524e-11,-18.687794895124387,-37.375589790248775,3.350277738743999e-11,3.350277738743999e-11,3.442643356835231e-19,4.856550225770784e-52,5.149403402269801e-53,4.3416098855438044e-52
0.17638611238468757,0.4533328867027445,1.410829389659525e-28,2.3094487278913476e-14,8.156382430847567e-11,5.859767435049833e-11,-17.900312098775235,-35.80062419755047,4.078183224602499e-11,4.078183224602499e-11,8.33320686668378e-19,3.577655189840327e-52,5.513464846085786e-53,3.026308705231749e-52
0.1989069076275398,0.6057900426368141,1.1094416857945802e-28,1.6104674946811432e-14,9.789316368639845e-11,6.057254995079606e-11,-17.17354909688322,-34.34709819376644,4.894678077929896e-11,4.894678077929896e-11,1.810612254651754e-18,2.9559309747279467e-52,6.222271694349601e-53,2.3337038052929866e-52
0.22430313456687573,0.826221338068348,8.724380105267411e-29,1.1230408093527496e-14,1.2198935195166034e-10,6.463933173303723e-11,-16.3187762532676,-32.6375525065352,6.099452272600505e-11,6.099452272600505e-11,4.244556514550849e-18,2.3242440013066346e-52,7.225519005298868e-53,1.6016921007767479e-52
0.23932233863900867,0.9712462075141891,7.663716149738063e-29,9.245956639586126e-15,1.386925920080183e-10,6.843308081075154e-11,-15.849827984525538,-31.699655969051076,6.934619192327021e-11,6.934619192327021e-11,6.567836077827924e-18,1.973051861412765e-52,7.72519503618019e-53,1.2005323577947461e-52
0.25044240508482735,1.0785835599069922,6.998268751901869e-29,8.068224411307417e-15,1.520256755483164e-10,7.210327751885478e-11,-15.539406909817297,-31.078813819634593,7.601279148821245e-11,7.601279148821245e-11,8.670709300534943e-18,1.745328053249944e-52,7.982449359604101e-53,9.470831172895338e-53
0.262079163279785,1.1860867859212119,6.390603068186303e-29,7.040509455534495e-15,1.6682816475905648e-10,7.685190822810044e-11,-15.254525142721137,-30.509050285442274,8.341401482137684e-11,8.341401482137684e-11,1.1125564148630455e-17,1.5459689959400507e-52,8.134530185823378e-53,7.32515977357713e-53
0.274375762446198,1.2906785576464013,5.83063495208145e-29,6.135703058282284e-15,1.8350577964826956e-10,8.2997773812738e-11,-14.99883844960192,-29.99767689920384,9.175280697566685e-11,9.175280697566685e-11,1.390193848987755e-17,1.378255023397177e-52,8.175651844190446e-53,5.606898389781325e-53
0.2873812057107934,1.3887870268485831,5.314851746658567e-29,5.339818296839062e-15,2.0251059329212479e-10,9.089597618755736e-11,-14.775739124305074,-29.55147824861015,1.0125520939164996e-10,1.0125520939164996e-10,1.6962185926932478e-17,1.2414866489441686e-52,8.113478182590625e-53,4.301388306851061e-53
0.30142972846989863,1.4794319742505027,4.8309917705121407e-29,4.627466887024209e-15,2.2494197091147317e-10,1.012158820941282e-10,-14.58218847922046,-29.16437695844092,1.1247089612146683e-10,1.1247089612146683e-10,2.0376685348076998e-17,1.12932888049365e-52,7.963238135350421e-53,3.3300506695860798e-53
0.31680714917509445,1.561306218739127,4.373399520934087e-29,3.98581049482202e-15,2.522153829324077e-10,1.1488324251786854e-10,-14.41622144020108,-28.83244288040216,1.2610760270359705e-10,1.2610760270359705e-10,2.4273822962551143e-17,1.0366102338400143e-52,7.743238832927723e-53,2.622863505472421e-53
0.33390867090870296,1.6339202647208206,3.936900287234549e-29,3.4042267182325803e-15,2.865227603623001e-10,1.3336385523197885e-10,-14.274310393336075,-28.54862078667215,1.432612915733978e-10,1.432612915733978e-10,2.8916053166230055e-17,9.588367843402298e-53,7.473093559084135e-53,2.115274284318162e-53
0.353167160787819,1.6972979251853701,3.5192488689726494e-29,2.8771375483706655e-15,3.3110642390322386e-10,1.5891985171705573e-10,-14.151866930726143,-28.303733861452287,1.6555312233283035e-10,1.6555312233283035e-10,3.475587603877993e-17,8.93181782829642e-53,7.174733418122825e-53,1.7570844101735949e-53
0.3751241474969648,1.7525141772364317,3.1193310995113393e-29,2.400913437788565e-15,3.9111486526427393e-10,1.9525489361765142e-10,-14.041926515442945,-28.08385303088589,1.9555733933189946e-10,1.9555733933189946e-10,4.260455323675092e-17,8.382159769627317e-53,6.87221756865167e-53,1.5099422009756458e-53
0.40046925534488853,1.801902954318931,2.7369962886518285e-29,1.9733041354661576e-15,4.75127824048347e-10,2.487243659903288e-10,-13.934419369269946,-27.868838738539893,2.375638111998604e-10,2.375638111998604e-10,5.3973890157787743e-17,7.938980192694223e-53,6.592598500828188e-53,1.3463816918660355e-53
0.43023285653533366,1.849402495048301,2.371410044239469e-29,1.5914421070280037e-15,5.989116693013062e-10,3.3130022948758774e-10,-13.814856740389398,-27.629713480778797,2.994557205681916e-10,2.994557205681916e-10,7.197025779869385e-17,7.6151999016373165e-53,6.36704068913895e-53,1.2481592124983668e-53
0.466263153263796,1.9011471691205233,2.0190780348196598e-29,1.250282859861899e-15,7.958297891377829e-10,4.689204716928041e-10,-13.661425050692088,-27.322850101384176,3.97914760984065e-10,3.97914760984065e-10,1.0402598951305229e-16,7.443558289943764e-53,6.236951193971914e-53,1.2066070959718502e-53
0.5133702100510956,1.9689077920122735,1.6655432809226692e-29,9.367195309124177e-16,1.1608446797183655e-9,7.370381727220654e-10,-13.430822349872752,-26.861644699745504,5.804222162761543e-10,5.804222162761543e-10,1.7443050848708382e-16,7.510838414727409e-53,6.2817880850512e-53,1.2290503296762085e-53
0.5817966271175783,2.0769183717694153,1.296813996209204e-29,6.4355840885139105e-16,2.0288051490403177e-9,1.4137652385557659e-9,-13.027824770702303,-26.055649541404605,1.0144032159511999e-9,1.0144032159511999e-9,3.940148622965216e-16,8.109406010398436e-53,6.74077207313656e-53,1.3686339372618761e-53
0.6410404279517518,2.1814269290227193,1.0681978622396483e-29,4.811110233992063e-16,3.313807146031124e-9,2.472679253692623e-9,-12.621507734252376,-25.24301546850475,1.6569036366858573e-9,1.6569036366858573e-9,8.376496806537066e-16,9.088398640043366e-53,7.506704047885686e-53,1.5816945921576798e-53
0.7154460944391654,2.3253491349212503,8.57574372740033e-30,3.460754681018859e-16,6.172008654970086e-9,4.95862407588249e-9,-12.053587108774824,-24.107174217549648,3.0860062990144294e-9,3.0860062990144294e-9,2.2582103935582774e-15,1.0982477963487931e-52,8.997291041681388e-53,1.9851869218065431e-53
0.7984880387088173,2.498734978893469,6.884814480991103e-30,2.4894093836332616e-16,1.2372833769579132e-8,1.067309411141605e-8,-11.367898711197306,-22.73579742239461,6.186421948919955e-9,6.186421948919955e-9,7.063989925808348e-15,1.4145136761505728e-52,1.1486901323553207e-52,2.658235437952521e-53
0.9012562028762892,2.725477976521476,5.404267022169993e-30,1.7312379614178578e-16,2.8984681623966667e-8,2.699785387722395e-8,-10.478870973047353,-20.957741946094707,1.449236979451385e-8,1.449236979451385e-8,2.9301137830393166e-14,2.001340252765232e-52,1.6095209911885004e-52,3.9181926157673184e-53
1.0344667740697056,3.028028018607275,4.1020954654883136e-30,1.144858804003823e-16,8.412100776806376e-8,8.553605578163443e-8,-9.316690053782466,-18.633380107564932,4.206067506831448e-8,4.206067506831448e-8,1.7719961282286564e-13,3.176888220311757e-52,2.530102922248501e-52,6.467852980632558e-53
1.1579476244061617,3.3065734100837068,3.273905524146803e-30,8.162718477684476e-17,2.1267734970534404e-7,2.328036324899521e-7,-8.278099629620076,-16.556199259240152,1.0633791649532569e-7,1.0633791649532569e-7,8.506089342898131e-13,4.757075307473343e-52,3.767616658199023e-52,9.894586492743205e-53
1.3126234893104423,3.6405441909726073,2.5478276360529125e-30,5.603779675550009e-17,6.115281304959951e-7,7.29266264966451e-7,-7.080111575289265,-14.16022315057853,3.057571381421403e-7,3.057571381421403e-7,5.01521196430076e-12,7.348142209290312e-52,5.807664143344985e-52,1.5404780659453277e-52
1.4890189262244364,3.9902513910454025,1.9799638647382395e-30,3.8388479694764555e-17,1.7363177746165255e-6,2.267870530106401e-6,-5.892359959237642,-11.784719918475284,8.681153405085009e-7,8.681153405085009e-7,2.8166087843873655e-11,1.0649355604120827e-51,8.448360108380758e-52,2.2009954957400685e-52
1.7356953261346009,4.415143460855586,1.4572059568959018e-30,2.423712399788419e-17,5.606899318100331e-6,8.237151352225169e-6,-4.567365949107323,-9.134731898214646,2.8031014462323905e-6,2.8031014462323905e-6,1.8447373859854405e-10,1.4138207164922362e-51,1.137527945988736e-51,2.762927705035001e-52
1.9639233459844234,4.745806818573783,1.1382255261349641e-30,1.6731233810867918e-17,1.2720319591774223e-5,2.0650706837936903e-5,-3.65574653625354,-7.31149307250708,6.3594213162509855e-6,6.3594213162509855e-6,6.425911225897132e-10,1.4749455880624275e-51,1.2103915485098688e-51,2.645540395525587e-52
2.241939937845992,5.085268289028778,8.734558612394468e-31,1.1246817450443381e-17,2.620794355423102e-5,4.7549004757642815e-5,-2.8652940720554696,-5.730588144110939,1.3102138740509626e-5,1.3102138740509626e-5,1.7750613914089877e-9,1.2408908833937307e-51,1.0492807686899106e-51,1.916101147038202e-52
2.5593130684993417,5.418901301191011,6.7027841891588855e-31,7.560165866634085e-18,4.560580219198346e-5,9.273232471229075e-5,-2.2606440470391167,-4.521288094078233,2.2799748360376455e-5,2.2799748360376455e-5,3.464286750147746e-9,8.236380263868999e-52,7.239959270637982e-52,9.964209932310171e-53
2.921614121779148,5.776632014382624,5.1436495444266585e-31,5.081980585429119e-18,6.776139553953963e-5,0.00015456129199003675,-1.790193288718414,-3.580386577436828,3.387691264289909e-5,3.387691264289909e-5,4.866610682938614e-9,4.341803272090128e-52,3.9943714897221955e-52,3.474317823679325e-53
3.2810545730542304,6.159046234636621,4.078543223402856e-31,3.588072459303473e-18,8.583525729727606e-5,0.0002162721308886133,-1.4061443881132814,-2.8122887762265627,4.291317257013868e-5,4.291317257013868e-5,5.149255044250488e-9,2.079801148822317e-52,1.9912307036980457e-52,8.857044512427149e-54
3.6896126149689374,6.683871043116267,3.2254281110844132e-31,2.5232440350429893e-18,0.00010036125989367456,0.00027881682464820246,-0.933831817566853,-1.867663635133706,5.017648123785886e-5,5.017648123785886e-5,4.4452430691208316e-9,8.49413656085705e-53,8.37743138377255e-53,1.1670517708449832e-54
4.162454774319666,7.460608860361092,2.534366648497576e-31,1.757328624373611e-18,0.00011052416860256019,0.00033813078973743795,-0.23203190119773254,-0.4640638023954651,5.525913825162423e-5,5.525913825162423e-5,3.124857790666467e-9,2.8947147002624865e-53,2.891613369807153e-53,3.101330455333573e-56
4.695894001978429,8.56483803999207,1.991379498177384e-31,1.2239021874831108e-18,0.00011637669929941818,0.0003909947125431776,0.7978062097049339,1.5956124194098678,5.818970097259123e-5,5.818970097259123e-5,1.7875937170268609e-9,8.264790937483465e-54,8.271643677542743e-54,-6.8527400592773e-57
5.2267361212625865,9.888403668760466,1.607501713204547e-31,8.875847720091512e-19,0.00011897241915289937,0.00043417554300617255,2.064034846842336,4.128069693684672,5.9489761046652224e-5,5.9489761046652224e-5,9.038784456567222e-10,2.2969206520658888e-54,2.2980904005556487e-54,-1.1697484897599068e-57
5.81758669803905,11.606673669881095,1.2976313840443663e-31,6.4368438553297145e-19,0.00012011795124661028,0.0004766254549155599,3.736564653536149,7.473129307072298,6.0066096670566867e-5,6.0066096670566867e-5,3.747396956374049e-10,5.376984092401008e-55,5.37808816896262e-55,-1.1040765616121011e-58
6.400582396051951,13.537968535176711,1.0720677475160668e-31,4.83329261262734e-19,0.00012051588788574416,0.0005161256563380633,5.636803414218512,11.273606828437025,6.026398754493206e-5,6.026398754493206e-5,1.4049567409865158e-10,1.260045669166143e-55,1.2601352457533362e-55,-8.957658719315656e-60
7.04200162972374,15.911590194240883,8.857181362495747e-32,3.6292192267388385e-19,0.00012065683413270653,0.0005588294440992054,7.986733663977487,15.973467327954975,6.0335746062135706e-5,6.0335746062135706e-5,4.23991021072463e-11,2.5216188404092687e-56,2.5216658045390847e-56,-4.696412981612612e-61
7.747699175565662,18.803972599028768,7.317647793676387e-32,2.725105482196512e-19,0.00012069935784750456,0.0006058719458864873,10.860604204496362,21.721208408992723,6.035739284502234e-5,6.035739284502234e-5,9.90270370035145e-12,4.2587142834295666e-57,4.2587289973431515e-57,-1.4713913584957348e-62
8.524116532676198,22.309862661168605,6.045752881504947e-32,2.0462252140581088e-19,0.00012071015396174189,0.0006580671167087719,14.351425056152586,28.70285011230517,6.036205128760088e-5,6.036205128760088e-5,1.7051403369303342e-12,5.983902394498534e-58,5.983904894251405e-58,-2.4997528713575918e-64
9.378340719758096,26.549193164337048,4.994965540237341e-32,1.5364680941716474e-19,0.00012071242602454955,0.0007160650315593699,18.578062086051794,37.15612417210359,6.036096730379731e-5,6.036096730379731e-5,2.036952257141469e-13,6.867938074397103e-59,6.8679382783576116e-59,-2.0396050860647054e-66
10.318168964339504,31.671926101471517,4.1268448177614913e-32,1.153702040317248e-19,0.00012071281482338378,0.0007804701022209589,23.689897565058033,47.379795130116065,6.0356810080777255e-5,6.0356810080777255e-5,1.5655472311721647e-14,6.290099145117337e-60,6.290099151992245e-60,-6.874907879648533e-69
11.352179874672444,37.8623468436612,3.409633272578448e-32,8.662909453708995e-20,0.0001207128676543376,0.0008519065648272785,29.870875647142,59.741751294284,6.034928427166198e-5,6.034928427166198e-5,7.058295317466315e-16,4.472773359628519e-61,4.472773359708121e-61,-7.960203002063413e-72
12.48981174395486,45.344312742833345,2.817094921653091e-32,6.504799123222868e-20,0.000120712873205473,0.00093104876015539,37.34459349776313,74.68918699552626,6.0336939197947346e-5,6.0336939197947346e-5,1.668777943005648e-17,2.399578957866054e-62,2.399578957866307e-62,-2.5306724964182745e-75
13.741448701625142,54.38822277004792,2.3275552354107087e-32,4.884318814548545e-20,0.00012071287364450142,0.0010186354112183237,46.38120065544293,92.76240131088586,6.031734355678197e-5,6.031734355678197e-5,1.8070377214339567e-19,9.442933062991526e-64,9.442933062991527e-64,-1.685280864610308e-79
15.118515498104992,65.3197214264426,1.9231080481252548e-32,3.6675337439679074e-20,0.00012071287366994602,0.0011154788243831774,57.30606910827366,114.61213821654732,6.028646488785048e-5,6.028646488785048e-5,7.613576288186872e-22,2.6478217992481307e-65,2.6478217992481307e-65,-1.6969638951769896e-84
16.63358178817121,78.52971393358978,1.58896036456609e-32,2.7538750589086e-20,0.00012071287367099629,0.0012224733318677748,70.50976757180155,141.0195351436031,6.023709330341442e-5,6.023709330341442e-5,1.0261705742953645e-24,5.1221458243686305e-67,5.1221458243686305e-67,-1.7471965547752783e-90
18.30047686483904,94.48407360082577,1.312891084137702e-32,2.067827692806419e-20,0.0001207128736710263,0.0013406044129838357,86.45767254618676,172.9153450923735,6.015522017565381e-5,6.015522017565381e-5,3.502787359832166e-28,6.592631759278947e-69,6.592631759278947e-69,-1.1537225800865653e-97
19.888250238987975,111.08873302676106,1.1117981883528045e-32,1.611060462083548e-20,0.00012071287367102674,0.001453432654402749,103.0587957373483,206.1175914746966,6.017240796827348e-5,6.017240796827348e-5,8.671782742316155e-32,1.0339485194857676e-70,1.0339485194857676e-70,-4.312063229663862e-105
21.424010152734155,128.45931221313901,9.582548284512971e-33,1.2888407836337401e-20,0.00012071287367102674,0.0015627860448557088,120.42728491960256,240.8545698392051,6.022489280676538e-5,6.022489280676538e-5,1.4662017621393798e-35,1.8440553642106026e-72,1.8440553642106026e-72,-7.916686452149075e-113
23.07836061538876,148.6051386515144,8.259256386533231e-33,1.0310665581162489e-20,0.00012071287367102674,0.0016807817212912486,140.5704651007777,281.1409302015554,6.0225988714698614e-5,6.0225988714698614e-5,6.179482003074199e-40,2.3908593250769774e-74,2.3908593250769774e-74,-9.013111660440602e-122
24.860459124920396,171.9585918608438,7.118789163055573e-33,8.24848391488975e-21,0.00012071287367102674,0.0018080755091537466,163.92097196503155,327.8419439300631,6.0199435657329315e-5,6.0199435657329315e-5,5.2334194111030943e-45,2.2013223845871302e-76,2.2013223845871302e-76,-4.129584633288368e-132
26.54052941411845,195.56669071280052,6.247044290138976e-33,6.779112197816444e-21,0.00012071287367102674,0.0019282225916902429,187.52776284728083,375.05552569456165,6.0235244182754056e-5,6.0235244182754056e-5,3.9118533320144084e-50,2.638336857763416e-78,2.638336857763416e-78,-1.551422752410915e-142
28.33413888465111,222.45847080228242,5.4821094256325386e-33,5.571492005655234e-21,0.00012071287367102674,0.002056614835019104,214.4178106814579,428.8356213629158,6.023760747991004e-5,6.023760747991004e-5,5.655504658556038e-56,2.3331535072513903e-80,2.3331535072513903e-80,-2.1774734465537353e-154
30.248960516500844,253.08277445672633,4.8108939946451775e-33,4.578995340876446e-21,0.00012071287367102674,0.0021938027481990282,245.04011766682675,490.0802353336535,6.021995506648436e-5,6.021995506648436e-5,1.2640318326775102e-62,1.492625750934739e-82,1.492625750934739e-82,-7.31467394418734e-168
32.02274644833527,283.2454822550426,4.2934129677174984e-33,3.8594537124340355e-21,0.00012071287367102674,0.002320975219593926,275.2021846542133,550.4043693084266,6.025797620735852e-5,6.025797620735852e-5,3.5662315750929077e-69,1.3814348057647417e-84,1.3814348057647417e-84,-4.1367483721885325e-181
33.90054641828044,317.0419458941561,3.831632079827287e-33,3.2529805884383795e-21,0.00012071287367102674,0.00245568461336665,308.9976152034691,617.9952304069382,6.0266259178777414e-5,6.0266259178777414e-5,1.6337843106488387e-76,9.683218467816408e-87,9.683218467816408e-87,-6.205865358449488e-196
35.888459764441336,354.90101123927434,3.41955383270625e-33,2.7418084260643514e-21,0.00012071287367102674,0.0025983691956971747,346.8554285821098,693.7108571642196,6.025817643650987e-5,6.025817643650987e-5,9.812164599496303e-85,5.061184663348633e-89,5.061184663348633e-89,-1.6115068878791928e-212
37.76079174082404,392.5397725779442,3.0893989893767446e-33,2.3538473325497176e-21,0.00012071287367102674,0.002732817414644569,384.4937067549904,768.9874135099808,6.0281064917907856e-5,6.0281064917907856e-5,6.587160392622293e-93,3.5842224908766256e-91,3.5842224908766256e-91,-5.4480346539029786e-229
39.73080489530117,434.2017069196043,2.79114595940553e-33,2.020782054749329e-21,0.00012071287367102674,0.002874334093566532,426.15485901455384,852.3097180291077,6.028229142211282e-5,6.028229142211282e-5,5.911699092320647e-102,1.9566973579464333e-93,1.9566973579464333e-93,-3.304541118404959e-247
41.80359533939262,480.3057698288799,2.5217108883548726e-33,1.7348449308195414e-21,0.00012071287367102674,0.0030232856973086138,472.25795026209556,944.5159005241911,6.0270886279759466e-5,6.0270886279759466e-5,5.753680515834129e-112,8.128098314012905e-96,8.128098314012905e-96,-2.360876990291728e-267
43.71105809566186,524.8174929406626,2.306844824834326e-33,1.5174961870385125e-21,0.00012071287367102674,0.003160396561579383,516.7694313589768,1033.5388627179536,6.029152592520713e-5,6.029152592520713e-5,1.2430182422784795e-121,5.224714135569105e-98,5.224714135569105e-98,-8.593697239252316e-287
45.70555676683303,573.4874325422297,2.1103039867280092e-33,1.3273778173295194e-21,0.00012071287367102674,0.0033037997759244003,565.4388217209149,1130.8776434418298,6.029009576194925e-5,6.029009576194925e-5,3.355554931590039e-132,2.664218958622949e-100,2.664218958622949e-100,-4.86837076672603e-308
47.56491171916915,620.8325972337535,1.9488843082539346e-33,1.1777184579300725e-21,0.00012071287367102674,0.00343751511174074,612.7838354204671,1225.5676708409342,6.03044640225528e-5,6.03044640225528e-5,1.757904173771676e-142,1.9416469774098994e-102,1.9416469774098994e-102,-0.0
49.49990738312408,672.1199329108169,1.7998245781916653e-33,1.0449329106159548e-21,0.00012071287367102674,0.003576696673451522,664.0707642326443,1328.1415284652885,6.0300029446486416e-5,6.0300029446486416e-5,1.282162379066201e-153,1.1572762124010336e-104,1.1572762124010336e-104,-0.0
51.290005517520136,721.4034786931319,1.6766676399503087e-33,9.392978524022252e-22,0.00012071287367102674,0.0037054771947015114,713.3542454215782,1426.7084908431564,6.031074789570973e-5,6.031074789570973e-5,2.5483304203576927e-164,1.0120820904699564e-106,1.0120820904699564e-106,-0.0
53.14484016356188,774.3358410721706,1.5619474532537373e-33,8.443417243001214e-22,0.00012071287367102674,0.00383893440805405,766.2863283689815,1532.572656737963,6.030519054329173e-5,6.030519054329173e-5,8.166277166999903e-176,7.452226648407201e-109,7.452226648407201e-109,-0.0
54.83894225549034,824.3380806126446,1.4671685997963632e-33,7.684831658287008e-22,0.00012071287367102674,0.0039608422681466325,816.2886086308456,1632.5772172616912,6.031544774273169e-5,6.031544774273169e-5,1.1331972631624123e-186,8.398832195251691e-111,8.398832195251691e-111,-0.0
56.58704736801388,877.6096441018799,1.3781478798769579e-33,6.994400006130571e-22,0.00012071287367102674,0.004086650394832484,869.5600174976844,1739.1200349953688,6.031028398612453e-5,6.031028398612453e-5,3.065237029970189e-198,8.200070870103237e-113,8.200070870103237e-113,-0.0
58.16961029529547,927.2890633232907,1.304375080976961e-33,6.438921106839401e-22,0.00012071287367102674,0.004200556037153778,919.2395604045911,1838.4791208091822,6.0320115081987205e-5,6.0320115081987205e-5,4.998843496046387e-209,1.2413512259901854e-114,1.2413512259901854e-114,-0.0
59.6305776783861,974.393222741453,1.2414141107626333e-33,5.977154981487247e-22,0.00012071287367102674,0.004305718559884922,966.3438417289526,1932.6876834579052,6.0327121125979195e-5,6.0327121125979195e-5,2.954337516595563e-219,2.592579873675134e-116,2.592579873675134e-116,-0.0
61.12823820216685,1023.9302067954023,1.1814962525082238e-33,5.548504334797464e-22,0.00012071287367102674,0.004413530423231419,1015.8808271721962,2031.7616543443924,6.032359949367163e-5,6.032359949367163e-5,5.171781571463415e-230,4.911456118180539e-118,4.911456118180539e-118,-0.0
62.49826126917353,1070.3273952236343,1.1304110253605432e-33,5.191558606183887e-22,0.00012071287367102674,0.004512160800266825,1062.278175702979,2124.556351405958,6.032968644838477e-5,6.032968644838477e-5,4.3526398875399974e-240,1.3049788363632423e-119,1.3049788363632423e-119,-0.0
63.8989896739968,1118.8682567480362,1.0815377041008922e-33,4.857575868222876e-22,0.00012071287367102674,0.004613007866281566,1110.8191001008865,2221.638200201773,6.032677295649933e-5,6.032677295649933e-5,1.2539051883492369e-250,3.195530438570727e-121,3.195530438570727e-121,-0.0
65.17596603937211,1164.061605757027,1.039697503711208e-33,4.57761365225334e-22,0.00012071287367102674,0.004704950408493769,1156.0126450111004,2312.025290022201,6.0332576066809825e-5,6.0332576066809825e-5,1.926626147589892e-260,1.086277707301439e-122,1.086277707301439e-122,-0.0
66.47846187925003,1211.123090437237,9.994783025191141e-34,4.313786818313266e-22,0.00012071287367102674,0.004798735041579182,1203.074241914739,2406.148483829478,6.0330290811962e-5,6.0330290811962e-5,1.1629859862140567e-270,3.4503070952921505e-124,3.4503070952921505e-124,-0.0
67.666991036538,1254.8810332157225,9.647842992410503e-34,4.0904489000286745e-22,0.00012071287367102674,0.0048843176163939055,1246.8324012048001,2493.6648024096003,6.033541598821428e-5,6.033541598821428e-5,3.6627132784545587e-280,1.482438526523798e-125,1.482438526523798e-125,-0.0
68.87676920467536,1300.2622089198674,9.312964408330345e-34,3.878673867868214e-22,0.00012071287367102674,0.004971433873325974,1292.2137262121241,2584.4274524242483,6.0333656166675716e-5,6.0333656166675716e-5,5.122377535760841e-290,6.01920966958808e-127,6.01920966958808e-127,-0.0
70.10817628217728,1347.3167744317298,8.989727604320196e-34,3.677863075903013e-22,0.00012071287367102674,0.005060111173425927,1339.2684717262214,2678.5369434524428,6.03316905840321e-5,6.03316905840321e-5,3.1031379318357634e-300,2.3077910322722844e-128,2.3077910322722844e-128,-0.0
71.22300560211279,1390.633392362782,8.71141878826316e-34,3.507847269194723e-22,0.00012071287367102674,0.005140396379778141,1382.5853585847558,2765.1707171695116,6.033703126121804e-5,6.033703126121804e-5,0.0,1.2052473365581644e-129,1.2052473365581644e-129,-0.0
72.35556244654681,1435.3899280455462,8.441739906066136e-34,3.3456907476023314e-22,0.00012071287367102674,0.0052219609356273,1427.3421007061127,2854.6842014122253,6.033570003498872e-5,6.033570003498872e-5,0.0,6.00404485338106e-131,6.00404485338106e-131,-0.0
73.50612871076072,1481.6228157036005,8.180423148666972e-34,3.191030201597549e-22,0.00012071287367102674,0.005304825147385467,1473.575228466649,2947.150456933298,6.033428423983453e-5,6.033428423983453e-5,0.0,2.851426032238286e-132,2.851426032238286e-132,-0.0
74.54823274358009,1524.1220758431098,7.954095045449637e-34,3.059070665421789e-22,0.00012071287367102674,0.005379880179017187,1516.0747913601047,3032.1495827202093,6.033906539468418e-5,6.033906539468418e-5,0.0,1.805374888319727e-133,1.805374888319727e-133,-0.0
75.60511079367211,1567.8894792251626,7.734039387266637e-34,2.932568087685032e-22,0.00012071287367102674,0.005456001302756279,1559.8424484903726,3119.684896980745,6.033811371775981e-5,6.033811371775981e-5,0.0,1.0989155889694696e-134,1.0989155889694696e-134,-0.0
76.67697231381645,1612.951802771968,7.520082176194224e-34,2.8112968053070044e-22,0.00012071287367102674,0.005533203608632266,1604.9050603017545,3209.810120603509,6.0337164075308565e-5,6.0337164075308565e-5,0.0,6.428177081136564e-136,6.428177081136564e-136,-0.0
77.65325074611847,1654.5422419846973,7.332855245256293e-34,2.706591064146985e-22,0.00012071287367102674,0.005603523208388358,1646.495825455005,3292.99165091001,6.0341082921416096e-5,6.0341082921416096e-5,0.0,4.8447870291146995e-137,4.8447870291146995e-137,-0.0
78.64195950200549,1697.2540086062463,7.150297929567345e-34,2.6057850507607005e-22,0.00012071287367102674,0.005674739703573634,1689.20788483297,3378.41576966594,6.034043402028229e-5,6.034043402028229e-5,0.0,3.532327879152268e-138,3.532327879152268e-138,-0.0
79.64325684877024,1741.107513567882,6.972293659052047e-34,2.5087335211859697e-22,0.00012071287367102674,0.00574686449760958,1733.0617160950774,3466.1234321901547,6.033981604114813e-5,6.033981604114813e-5,0.0,2.4907281613730918e-139,2.4907281613730918e-139,-0.0
80.65730306882077,1786.1372001559516,6.7987287749642465e-34,2.415296641019904e-22,0.00012071287367102674,0.005819909131315864,1778.0917655646072,3556.1835311292143,6.033926184589092e-5,6.033926184589092e-5,0.0,1.6977774802048657e-140,1.6977774802048657e-140,-0.0
81.68426048533772,1832.378753752011,6.629492457160936e-34,2.3253397839417586e-22,0.00012071287367102674,0.00589388529338292,1824.333721735305,3648.66744347061,6.0338806756767684e-5,6.0338806756767684e-5,0.0,1.1182321487958564e-141,1.1182321487958564e-141,-0.0
82.72429348825803,1879.8688370376442,6.464476653191937e-34,2.238733337739836e-22,0.00012071287367102674,0.005968804821947193,1871.8242495875484,3743.6484991750967,6.033845021067559e-5,6.033845021067559e-5,0.0,7.113536584702449e-143,7.113536584702449e-143,-0.0
83.7775685605897,1928.6452748461006,6.303576009160922e-34,2.155352517562775e-22,0.00012071287367102674,0.006044679707274824,1920.6011769541738,3841.2023539083475,6.0338239062110464e-5,6.0338239062110464e-5,0.0,4.3686307740729456e-144,4.3686307740729456e-144,-0.0
84.84425430506153,1978.7465395858874,6.146687802315037e-34,2.0750771861262575e-22,0.00012071287367102674,0.006121522094336358,1970.7029787707002,3941.4059575414003,6.033822193914527e-5,6.033822193914527e-5,0.0,2.5888929772736953e-145,2.5888929772736953e-145,-0.0
85.92452147111203,2030.211595608144,5.993711875317709e-34,1.9977916806159736e-22,0.00012071287367102674,0.006199344284618711,2022.1686207425657,4044.3372414851315,6.033841235291367e-5,6.033841235291367e-5,0.0,1.4797680794961074e-146,1.4797680794961074e-146,-0.0
87.01854298222227,2083.079467894316,5.844550572163884e-34,1.923384646037732e-22,0.00012071287367102674,0.006278158739223603,2075.037129150488,4150.074258300976,6.0338872434338786e-5,6.0338872434338786e-5,0.0,8.154291220891372e-148,8.154291220891372e-148,-0.0
88.12649396359642,2137.3886440207557,5.699108677018518e-34,1.8517488747741023e-22,0.00012071287367102674,0.006357978081773773,2129.3469914001325,4258.693982800265,6.03396481716588e-5,6.03396481716588e-5,0.0,4.3300699517439965e-149,4.3300699517439965e-149,-0.0
89.24855177019491,2193.1759200015704,5.557293350526366e-34,1.7827811521169135e-22,0.00012071287367102674,0.0064388151018912754,2185.1350019343845,4370.270003868769,6.0340813560661725e-5,6.0340813560661725e-5,0.0,2.2147568585036865e-150,2.2147568585036865e-150,-0.0
90.38489601512451,2250.4759536981237,5.419014070737334e-34,1.716382107552805e-22,0.00012071287367102674,0.006520682757003944,2242.435814256227,4484.871628512454,6.0342391640750835e-5,6.0342391640750835e-5,0.0,1.0906586192134545e-151,1.0906586192134545e-151,-0.0
91.53570859838985,2309.319645799426,5.284182577550897e-34,1.6524560715875555e-22,0.00012071287367102674,0.006603594176828716,2301.2803225752345,4602.560645150469,6.034444352350545e-5,6.034444352350545e-5,0.0,5.168902803452712e-153,5.168902803452712e-153,-0.0
92.70117373601094,2369.731825674467,5.152712815004552e-34,1.5909109379028697e-22,0.00012071287367102674,0.0066875626678626066,2361.6933460701757,4723.386692140351,6.034703922078369e-5,6.034703922078369e-5,0.0,2.3565614978065975e-154,2.3565614978065975e-154,-0.0
93.90442322781159,2432.9287859907813,5.022076530035095e-34,1.530535538097518e-22,0.00012071287367102674,0.006774254916823356,2424.8911791447435,4849.782358289487,6.0350822249348026e-5,6.0350822249348026e-5,0.0,9.722841772268506e-156,9.722841772268506e-156,-0.0
95.19685127391993,2501.6019370919184,4.887231385048527e-34,1.4690406553956344e-22,0.00012071287367102674,0.00686737418990988,2493.565224220358,4987.130448440716,6.035852277153499e-5,6.035852277153499e-5,0.0,3.170259100006296e-157,3.170259100006296e-157,-0.0
96.25156200928784,2558.6056191614143,4.781183892807024e-34,1.4212752989897289e-22,0.00012071287367102674,0.006943366878218452,2550.569572333018,5101.139144666036,6.0352945119171565e-5,6.0352945119171565e-5,0.0,1.9382733482193966e-158,1.9382733482193966e-158,-0.0
97.43383099315982,2622.976547829471,4.666374575584185e-34,1.3701629825943675e-22,0.00012071287367102674,0.0070285518210451625,2614.941295680586,5229.882591361172,6.0360820716925076e-5,6.0360820716925076e-5,0.0,8.465612642234871e-160,8.465612642234871e-160,-0.0
98.32996227700778,2672.5969957823368,4.58209288139741e-34,1.3330423566072772e-22,0.00012071287367102674,0.0070931204682356565,2664.5622772824468,5329.1245545648935,6.035326740653268e-5,6.035326740653268e-5,0.0,7.879031836255472e-161,7.879031836255472e-161,-0.0
99.41384095326286,2732.8665484054304,4.483178587097075e-34,1.2899147419045891e-22,0.00012071287367102674,0.007171218169382943,2724.8325439724954,5449.665087944991,6.036145073491958e-5,6.036145073491958e-5,0.0,4.467486734932551e-162,4.467486734932551e-162,-0.0
100.18053759429824,2776.208467632683,4.415137448633427e-34,1.260525085857183e-22,0.00012071287367102674,0.007226461953842609,2768.174897625465,5536.34979525093,6.0353533847021944e-5,6.0353533847021944e-5,0.0,5.859500316194105e-163,5.859500316194105e-163,-0.0
