x1,x2,x3,x4,x5,x6,x7
-10.0,-2.1895430196973306e-43,-2.1895430196973426e-43,5.3809861030072976e-42,-3.758872782393518e-48,-3.758872782393501e-48,7.663350976776343e-47
-9.8940625,-2.189540208973844e-43,-2.1895401724017668e-43,1.647059937818587e-35,-3.758869589850504e-48,-3.7588695483084246e-48,1.8708889337911275e-40
-9.788125,-2.1895370841391327e-43,-2.1895370232536423e-43,2.7420387191379187e-35,-3.758866040508364e-48,-3.758865971347961e-48,3.1147076429647093e-40
-9.6821875,-2.189533610089059e-43,-2.1895335415887424e-43,3.084980012440705e-35,-3.7588620944880895e-48,-3.758862016676946e-48,3.504302362160417e-40
-9.57625,-2.189529747796172e-43,-2.1895296936094526e-43,2.4403528902516584e-35,-3.758857707452702e-48,-3.758857645899772e-48,2.7720975307280513e-40
-9.4703125,-2.189525453871181e-43,-2.189525442041807e-43,5.3274765010017724e-36,-3.758852830108751e-48,-3.758852816671097e-48,6.051781382984142e-41
-9.364375,-2.189520680075413e-43,-2.189520634733416e-43,2.0420220039552983e-35,-3.758847407652011e-48,-3.758847356145009e-48,2.3196691357742316e-40
-9.2584375,-2.1895153727787525e-43,-2.1895152840780737e-43,3.9947234411641883e-35,-3.758841379151133e-48,-3.758841278388251e-48,4.5379567908745195e-40
-9.1525,-2.189509472356985e-43,-2.1895093590240515e-43,5.104061581202219e-35,-3.7588346768623045e-48,-3.7588345481145286e-48,5.798284355997154e-40
-9.0465625,-2.1895029125217466e-43,-2.1895027991236216e-43,5.106997536903121e-35,-3.758827225467179e-48,-3.7588270966421967e-48,5.801761437288202e-40
-8.940625,-2.189495619575551e-43,-2.1894955374352208e-43,3.6992716102346044e-35,-3.758818941225454e-48,-3.7588188479080205e-48,4.202643584592395e-40
-8.8346875,-2.1894875115835106e-43,-2.1894874997867116e-43,5.312805959856737e-36,-3.758809731032516e-48,-3.7588097176300573e-48,6.035930836253106e-41
-8.72875,-2.189478497452419e-43,-2.18947842210586e-43,3.393307359297843e-35,-3.758799491371522e-48,-3.7587994057687176e-48,3.8552075865545545e-40
-8.6228125,-2.1894684759068354e-43,-2.189468329568758e-43,6.590481111352454e-35,-3.758788107147988e-48,-3.758787940884251e-48,7.487853041332069e-40
-8.516875,-2.189457334350634e-43,-2.1894571382773768e-43,8.830354476808027e-35,-3.7587754503937625e-48,-3.758775227613782e-48,1.00331183663806e-39
-8.4109375,-2.189444947601191e-43,-2.1894447293735313e-43,9.82810007687282e-35,-3.758761378825585e-48,-3.7587611308622947e-48,1.1167273811479635e-39
-8.305,-2.1894311764819543e-43,-2.1894309708548063e-43,9.260623470717353e-35,-3.758745734241948e-48,-3.758745500584282e-48,1.0523005768291115e-39
-8.1990625,-2.1894158662575066e-43,-2.1894157160675133e-43,6.763955978024394e-35,-3.7587283407399684e-48,-3.75872817006679e-48,7.686436630010108e-40
-8.093125,-2.1893988448934983e-43,-2.1893988020222695e-43,1.9307485026481087e-35,-3.7587090027319906e-48,-3.758708954010771e-48,2.1942086673652696e-40
-7.9871875,-2.1893799211217876e-43,-2.189379822179792e-43,4.4559513467086953e-35,-3.7586875027392755e-48,-3.758687390293676e-48,5.064099588363495e-40
-7.88125,-2.1893588822889613e-43,-2.1893586553869175e-43,1.0218759596204669e-34,-3.758663598937612e-48,-3.758663341048855e-48,1.161427710132411e-39
-7.7753125,-2.1893354919639073e-43,-2.1893351559034934e-43,1.5134815549672248e-34,-3.758637022426678e-48,-3.75863664044094e-48,1.7203108281094208e-39
-7.669375,-2.1893094872774113e-43,-2.189309066306512e-43,1.8958843851902208e-34,-3.758607474191911e-48,-3.7586069956477864e-48,2.1551711414790893e-39
-7.5634375,-2.189280575963651e-43,-2.1892801002675246e-43,2.1423448972076463e-34,-3.758574621723828e-48,-3.758574080914266e-48,2.4355897421372893e-39
-7.4575,-2.1892484330700874e-43,-2.1892479392454693e-43,2.2239883662393433e-34,-3.7585380952559166e-48,-3.7585375337717075e-48,2.5287000750470222e-39
-7.3515625,-2.1892126972984517e-43,-2.1892122287990177e-43,2.1099338762500317e-34,-3.758497483577478e-48,-3.75849695081972e-48,2.399327641126724e-39
-7.245625,-2.1891729669352665e-43,-2.189172574475367e-43,1.7674822562699428e-34,-3.7584523293728614e-48,-3.758451883019827e-48,2.0101953586349767e-39
-7.1396875,-2.1891287953256645e-43,-2.1891285372269613e-43,1.162373223371386e-34,-3.758402124032705e-48,-3.7584018304444043e-48,1.3222041622403457e-39
-7.03375,-2.189079685838937e-43,-2.189079628303752e-43,2.5911543800701056e-35,-3.7583463018765025e-48,-3.758346236418298e-48,2.9479754589043312e-40
-6.9278125,-2.1890250862683897e-43,-2.1890249058580363e-43,8.124960004114061e-35,-3.7582842337184457e-48,-3.758284028450532e-48,9.244444983773211e-40
-6.821875,-2.1889643826014713e-43,-2.188963970033993e-43,1.8580387422537862e-34,-3.7582152197004275e-48,-3.758214750190596e-48,2.114484300984954e-39
-6.7159375,-2.1888968920887767e-43,-2.1888962528949598e-43,2.87867303574366e-34,-3.7581384813069146e-48,-3.758137753723484e-48,3.276744467249417e-39
-6.61,-2.1888218555322427e-43,-2.188820996573742e-43,3.8684051834144155e-34,-3.758053152465832e-48,-3.758052174475563e-48,4.404476611983806e-39
-6.5040625,-2.1887384287036053e-43,-2.1887373578013843e-43,4.822914843540147e-34,-3.757958269627949e-48,-3.7579570499723396e-48,5.492840549026633e-39
-6.398125,-2.1886456727937484e-43,-2.188644398252544e-43,5.740023292514649e-34,-3.757852760703706e-48,-3.757851308656507e-48,6.53943922598294e-39
-6.2921875,-2.188542543781864e-43,-2.1885410738046152e-43,6.620188990353899e-34,-3.7577354327211156e-48,-3.757733757419621e-48,7.544887186125933e-39
-6.18625,-2.1884278806001194e-43,-2.188426222588656e-43,7.467019809318832e-34,-3.7576049580508355e-48,-3.757603067696284e-48,8.513400052512491e-39
-6.0803125,-2.188300391954575e-43,-2.188298551696174e-43,8.287787049025513e-34,-3.7574598590243893e-48,-3.7574577599498607e-48,9.453391264912997e-39
-5.974375,-2.1881586416461687e-43,-2.1881566223900192e-43,9.093921242298325e-34,-3.7572984907482417e-48,-3.7572961863580793e-48,1.0378050676494639e-38
-5.8684375,-2.1880010322163035e-43,-2.1879988336495896e-43,9.901464233336426e-34,-3.7571190218896335e-48,-3.757116511479891e-48,1.130588038079553e-38
-5.7625,-2.1878257867195942e-43,-2.18782340386062e-43,1.0731442788547198e-33,-3.7569194131787487e-48,-3.7569166906571306e-48,1.2261147344813238e-38
-5.6565625,-2.187630928401124e-43,-2.1876283504356523e-43,1.1610124336879094e-33,-3.756697393335295e-48,-3.756694445867523e-48,1.3274214758616465e-38
-5.550625,-2.187414258026506e-43,-2.1874114671255977e-43,1.2569100290804127e-33,-3.756450432084499e-48,-3.756447238709758e-48,1.4381681294853767e-38
-5.4446875,-2.187173328579428e-43,-2.18717029875069e-43,1.3645135576009803e-33,-3.756175709876724e-48,-3.7561722401469064e-48,1.562627391489485e-38
-5.33875,-2.186905417002133e-43,-2.1869021130443877e-43,1.4879702871178668e-33,-3.7558700838642143e-48,-3.755866296584825e-48,1.7056390046558662e-38
-5.2328125,-2.1866074926082604e-43,-2.1866038692598774e-43,1.6318110427268478e-33,-3.75553004961581e-48,-3.755525891787509e-48,1.8725193984715173e-38
-5.126875,-2.1862761817430583e-43,-2.186272183141066e-43,1.8008102442534552e-33,-3.7551516979625986e-48,-3.755147104053928e-48,2.0689125376021668e-38
-5.0209375,-2.185907728201043e-43,-2.1859032877980754e-43,1.9997797151163554e-33,-3.754730666260501e-48,-3.754725557977996e-48,2.3005659185852393e-38
-4.915,-2.1854979488331345e-43,-2.18549298995791e-43,2.233278861339644e-33,-3.754262083224558e-48,-3.754256369990674e-48,2.5730117990614217e-38
-4.8090625,-2.185042183680474e-43,-2.185036620972177e-43,2.5052211012070177e-33,-3.7537405063274595e-48,-3.753734086731856e-48,2.891128836856251e-38
-4.703125,-2.1845352398560197e-43,-2.184528981858258e-43,2.8183516387668167e-33,-3.7531598505526475e-48,-3.753152615112945e-48,3.25855235488986e-38
-4.5971875,-2.183971328251291e-43,-2.1839642815190183e-43,3.1735660837317295e-33,-3.7525133070386526e-48,-3.752505142690276e-48,3.676895630588544e-38
-4.49125,-2.1833439919661773e-43,-2.183336067120434e-43,3.569033233617873e-33,-3.75179324983017e-48,-3.7517840466750074e-48,4.1447326161486167e-38
-4.3853125,-2.1826460251335564e-43,-2.1826371454014037e-43,3.999075841370366e-33,-3.750991128542775e-48,-3.750980789526576e-48,4.656278950209088e-38
-4.279375,-2.1818693805228422e-43,-2.1818594934271624e-43,4.4527520419605875e-33,-3.7500973442238265e-48,-3.750085798591643e-48,5.199690479908376e-38
-4.1734375,-2.1810050639378987e-43,-2.180994156963757e-43,4.912064468016866e-33,-3.7491011050158824e-48,-3.7490883266341906e-48,5.754871502546046e-38
-4.0675,-2.1800430129484235e-43,-2.1800311342197792e-43,5.3497037896231706e-33,-3.747990257351147e-48,-3.747976289301113e-48,6.290650492865924e-38
-3.9615625,-2.1789719568743928e-43,-2.17895924214772e-43,5.7262038305524405e-33,-3.7467510872604487e-48,-3.746736074535442e-48,6.76113027450733e-38
-3.855625,-2.1777792541322774e-43,-2.1777659617739332e-43,5.986346008598681e-33,-3.745368084879032e-48,-3.745352317605512e-48,7.10094871501692e-38
-3.7496875,-2.17645070198484e-43,-2.1764372580851497e-43,6.0545941634675276e-33,-3.7438236632551484e-48,-3.743807633665426e-48,7.219085430015966e-38
-3.64375,-2.1749703123258266e-43,-2.174957368768028e-43,5.82926020788603e-33,-3.7420978199556633e-48,-3.7420822974720857e-48,6.990705125626045e-38
-3.5378125,-2.173320045258914e-43,-2.173308554479914e-43,5.174986802127312e-33,-3.740167726499659e-48,-3.740153856883176e-48,6.246319962440846e-38
-3.431875,-2.171479489737715e-43,-2.1714708012045955e-43,3.912967451946387e-33,-3.7380072260462e-48,-3.737996662817043e-48,4.757255489564539e-38
-3.3259375,-2.1694254772060055e-43,-2.1694214624445156e-43,1.8080878349597377e-33,-3.735586213624365e-48,-3.7355812931748506e-48,2.2159734599508546e-38
-3.22,-2.16713160972588e-43,-2.1671283417315234e-43,1.4717738166957125e-33,-3.732869864996243e-48,-3.732865799048467e-48,1.831140088825005e-38
-3.1140625,-2.164567678117839e-43,-2.1645554733227457e-43,5.4965510634181186e-33,-3.729817669278919e-48,-3.729802323544554e-48,6.911104356780885e-38
-3.008125,-2.1616989376396976e-43,-2.161676963886574e-43,9.89609863792987e-33,-3.726382205768445e-48,-3.7263542546702686e-48,1.2588055533074012e-37
-2.9021875,-2.158485198002509e-43,-2.158452878454029e-43,1.455543064907927e-32,-3.7225075857329206e-48,-3.72246594914602e-48,1.875145172498708e-37
-2.79625,-2.1548796701290647e-43,-2.154836838906898e-43,1.9289467618882238e-32,-3.7181274535663993e-48,-3.718071507366872e-48,2.519592833440158e-37
-2.6903125,-2.1508274927633448e-43,-2.150774619527934e-43,2.381198832938501e-32,-3.713162406344615e-48,-3.71309230504531e-48,3.1570818542951193e-37
-2.584375,-2.1462638361930103e-43,-2.1462023530093072e-43,2.7689564321495696e-32,-3.707516643469975e-48,-3.707433813879388e-48,3.7303131330297843e-37
-2.4784375,-2.1411114457842152e-43,-2.141044226458279e-43,3.0272893123790423e-32,-3.701073594730848e-48,-3.7009814898964454e-48,4.148032978951363e-37
-2.3725,-2.1352774419091933e-43,-2.1352095090471746e-43,3.05942412073725e-32,-3.69369019045466e-48,-3.6935954382872565e-48,4.267258258122602e-37
-2.2665625,-2.1286491314830617e-43,-2.1285887035919712e-43,2.721430277980074e-32,-3.685189324614487e-48,-3.6851034723557356e-48,3.866442005224099e-37
-2.160625,-2.1210885049715605e-43,-2.1210485504074308e-43,1.7993936012615393e-32,-3.6753499118294386e-48,-3.6752920657086634e-48,2.6051576796817134e-37
-2.0546875,-2.1124249853601685e-43,-2.1124243779804974e-43,2.7353948604380864e-34,-3.6638937407586585e-48,-3.6638928340617944e-48,4.0833996593387265e-39
-1.94875,-2.1024458546637455e-43,-2.1023807310507514e-43,2.9329067921330963e-32,-3.650468065033396e-48,-3.6503690182516033e-48,4.460670495741601e-37
-1.8428125,-2.09088359992167e-43,-2.090744882979704e-43,6.247255681481871e-32,-3.6346225308349306e-48,-3.6344076992109517e-48,9.675156216987845e-37
-1.736875,-2.077399183407388e-43,-2.0771798352467725e-43,9.878562944117012e-32,-3.615778596203007e-48,-3.6154329502346107e-48,1.556651054472202e-36
-1.6309375,-2.0615599387299773e-43,-2.061257924712675e-43,1.3601502157837566e-31,-3.5931890266523534e-48,-3.5927052692358404e-48,2.178649720745457e-36
-1.525,-2.0428104128004573e-43,-2.042433788796311e-43,1.6961637247320463e-31,-3.56588432832566e-48,-3.5652718091507146e-48,2.7585411280406186e-36
-1.4190625,-2.0204340016595293e-43,-2.0200093569193444e-43,1.912429893661584e-31,-3.5326020785516627e-48,-3.5319017296812626e-48,3.154090911762901e-36
-1.313125,-1.9935026587765135e-43,-1.9930887924401668e-43,1.8638882781521917e-31,-3.491694016209647e-48,-3.491002705856462e-48,3.113385049000648e-36
-1.2071875,-1.9608112905531854e-43,-1.9605209825626706e-43,1.3074309579054385e-31,-3.441004459968267e-48,-3.4405139514456247e-48,2.2090539997944714e-36
-1.10125,-1.920792717286881e-43,-1.9207527592558434e-43,1.7995497369228817e-32,-3.37771216449187e-48,-3.3776436442409995e-48,3.085877762871691e-37
-0.9953125,-1.8714083229202704e-43,-1.870760732723056e-43,2.9164869708643377e-31,-3.298126195496906e-48,-3.29700642510467e-48,5.0429975212154055e-36
-0.889375,-1.810008848445334e-43,-1.808606525129005e-43,6.315502764870828e-31,-3.1974249910107394e-48,-3.194982269989594e-48,1.1001037480600321e-35
-0.7834375,-1.7331593807932383e-43,-1.7308729994839107e-43,1.0296946012714862e-30,-3.069326804520343e-48,-3.065318092664773e-48,1.8053633218980787e-35
-0.6775,-1.6364227293904042e-43,-1.633188152297405e-43,1.4567240190732495e-30,-2.9056797094046705e-48,-2.8999755990520294e-48,2.568902925863464e-35
-0.5715625,-1.5140964616182144e-43,-1.5100060950039407e-43,1.842137355985162e-30,-2.695961018870463e-48,-2.688710332715057e-48,3.2654187467667294e-35
-0.465625,-1.3589013941937294e-43,-1.3543849141833865e-43,2.0340417691606455e-30,-2.4266802887514554e-48,-2.4186368577867796e-48,3.622439269529415e-35
-0.3596875,-1.16162387631918e-43,-1.1578335868652976e-43,1.7069946172130705e-30,-2.0806880715413014e-48,-2.073909180494086e-48,3.052941119422484e-35
-0.25375,-9.107212383664563e-44,-9.10470969555075e-44,1.1271105256794804e-31,-1.6364051566516414e-48,-1.6359557921643854e-48,2.023757737359505e-36
-0.1478125,-5.919094702226662e-44,-5.881585650591462e-44,1.689257509673047e-30,-1.0670043771523981e-48,-1.0600574298994806e-48,3.1286269059601664e-35
-0.041875,-1.8776399560493626e-44,-1.7973895107389903e-44,3.614158755961093e-30,-3.3959804453847453e-49,-3.2465970342433103e-49,6.727630747519004e-35
0.0640625,3.226232977263122e-44,3.348347719801669e-44,5.499559089930431e-30,5.8549451207611355e-49,6.0835412807089204e-49,1.0295055807591706e-34
0.17,9.638777346753142e-44,9.794827199767293e-44,7.027860598857503e-30,1.755308538719438e-48,1.784715587418918e-48,1.324375735650442e-34
0.2759375,1.7644096619846242e-43,1.7816608758645123e-43,7.769256040115286e-30,3.2245298810761954e-48,3.257309838032832e-48,1.4762780193513087e-34
0.381875,2.756266548488383e-43,2.7722591503838536e-43,7.202427593712657e-30,5.055445899305745e-48,5.086164569675164e-48,1.3834459242903289e-34
0.4878125,3.9747387802834304e-43,3.98533586937578e-43,4.772504648751765e-30,7.3175089133827e-48,7.338161790755692e-48,9.301229084113435e-35
0.59375,5.457721625002411e-43,5.457721625002404e-43,3.2285916618043785e-42,1.0086524957457852e-47,1.0086524957457845e-47,3.28429327576129e-47
