x1,x2,x3,x4,x5,x6,x7,x8,x9,x10,x11,x12,x13,x14
0.00016203658720782225,0.00013780373898540258,4.314560404423578e-19,7.001656682961219,4.0261204450530326e-9,4.5815598005146755e-9,-15.519169721337384,-31.03833944267477,2.0130596729120886e-9,2.0130596729120886e-9,5.496144385265283e-16,6.758968348311114e-29,3.529245911851715e-38,6.758968344781867e-29
0.00016203674924449035,0.00013780388762373141,4.3145513491443306e-19,7.001634151722041,4.0261204690436344e-9,4.5815598005146755e-9,-15.519169697502418,-31.038339395004837,2.0130596849073527e-9,2.0130596849073527e-9,5.496144549015407e-16,6.75893869953459e-29,3.5292386141948516e-38,6.758938696005352e-29
0.0001620462504837076,0.0001378126032549959,4.3140204296549786e-19,7.000313168183141,4.0261218757641945e-9,4.581559800515587e-9,-15.519168299908213,-31.038336599816425,2.013060388266686e-9,2.013060388266686e-9,5.4961541507288225e-16,6.757200482719528e-29,3.5288107454497255e-38,6.757200479190718e-29
0.00016214129352274707,0.0001378997900441228,4.30871482665979e-19,6.987117032533119,4.026135947459317e-9,4.581559800524718e-9,-15.519154319532774,-31.038308639065548,2.0130674241046328e-9,2.0130674241046328e-9,5.496250199244002e-16,6.739842892615892e-29,3.5245349204575077e-38,6.739842889091357e-29
0.00016309479525897602,0.0001387747190992132,4.256016125248037e-19,6.856515204951012,4.0262771143570254e-9,4.581559800616634e-9,-15.51901407145512,-31.03802814291024,2.0131380074571318e-9,2.0131380074571318e-9,5.497213829879125e-16,6.568700332152242e-29,3.4820614463704993e-38,6.56870032867018e-29
0.0001729437162624663,0.00014785346705127345,3.762669671030432e-19,5.67559762407255,4.0277348247525125e-9,4.5815598016047275e-9,-15.517566136368435,-31.03513227273687,2.013866861653899e-9,2.013866861653899e-9,5.507172328832337e-16,5.076721025437111e-29,3.084175244494451e-38,5.076721022352937e-29
0.00022564496949466925,0.00019777250834573446,2.1433508797581293e-19,2.3852243008609224,4.035535335653313e-9,4.581559808150641e-9,-15.509826830063686,-31.01965366012737,2.017767106846316e-9,2.017767106846316e-9,5.560707831587545e-16,1.5580947039595098e-29,1.773504177882696e-38,1.5580947021860057e-29
0.00036610823471499535,0.00034405377184113103,7.488249633746925e-20,0.46024487166976075,4.0567800816250146e-9,4.581559838166188e-9,-15.488824656319904,-30.97764931263981,2.0283888741327577e-9,2.0283888741327577e-9,5.708622725994449e-16,1.6605309911930152e-30,6.339050197006836e-39,1.6605309848539648e-30
0.0005940094291767344,0.0006611381107360149,2.272349920714547e-20,0.06681232627240044,4.097036847880031e-9,4.581559958139766e-9,-15.44933027945621,-30.89866055891242,2.0485102069897445e-9,2.0485102069897445e-9,5.997500091516898e-16,1.2115242015499203e-31,2.0470839396067445e-39,1.2115241810790808e-31
0.0009637783816186247,0.0013317338132060696,6.213612700148254e-21,0.008613529401733806,4.16904491278595e-9,4.5815604508210725e-9,-15.379591143216652,-30.759182286433305,2.084611158404062e-9,2.084611158404062e-9,6.544006924126362e-16,7.66416579512317e-33,6.395280173428062e-40,7.664165155595153e-33
0.0015637273134919394,0.002322366574808459,2.1891478460124142e-21,0.0017433659837036977,4.268601363289655e-9,4.581561779730463e-9,-15.285230327927422,-30.570460655854845,2.134310405770588e-9,2.134310405770588e-9,7.362996485009684e-16,9.18267169637676e-34,2.438881246808606e-40,9.182669257495514e-34
0.0032745895817267385,0.005569678588669493,4.522394625862752e-22,0.0001558750109081067,4.577692657869059e-9,4.581570846662406e-9,-15.005598619783612,-30.011197239567224,2.288818151307002e-9,2.288818151307002e-9,1.0443262833874995e-15,4.1690496006816193e-35,6.187050711704592e-41,4.1690434136309077e-35
0.007056360600622096,0.015231370445765923,8.997722310600457e-23,1.3530475044784804e-5,5.54275490220985e-9,4.581633964048291e-9,-14.239192301026634,-28.478384602053268,2.7744212532385014e-9,2.7744212532385014e-9,2.723510258255657e-15,2.7988229928386166e-36,2.0935364846169535e-41,2.7988020574737703e-36
0.010540438066713754,0.030342016836963488,4.014540909138833e-23,4.029219836359104e-6,7.372807377713829e-9,4.581791452219086e-9,-13.099013278057868,-26.198026556115735,3.685078872935085e-9,3.685078872935085e-9,1.1302818710704133e-14,1.4600846688437063e-36,1.9680723631688114e-41,1.4600649881200746e-36
0.011827348591715699,0.04111278248932908,3.188686926049375e-23,2.8521105218296045e-6,8.902326186182339e-9,4.581910136215869e-9,-12.34394396815605,-24.6878879363121,4.451876003421575e-9,4.451876003421575e-9,2.902499097337943e-14,1.79575195776578e-36,2.529478558347571e-41,1.7957266629801963e-36
0.012993550709887721,0.06261886942933274,2.6405279288454658e-23,2.150887571550794e-6,1.2337981592699129e-8,4.582108972646084e-9,-11.037482828537826,-22.07496565707565,6.16671242924912e-9,6.16671242924912e-9,1.4805670882319586e-13,3.965741155096709e-36,4.703546261999769e-41,3.965694119634089e-36
0.013418287148238738,0.0833541460055651,2.476000849446805e-23,1.9530602574609436e-6,1.5896593642300607e-8,4.582247285286667e-9,-10.021212077443266,-20.042424154886533,7.949189782490529e-9,7.949189782490529e-9,5.252862479355128e-13,8.658886979368773e-36,8.098257217545823e-41,8.658805996796597e-36
0.013660706457048914,0.11347471220301134,2.3888988118288768e-23,1.8509323618734465e-6,2.1238428061759884e-8,4.582385147388909e-9,-8.858763401937301,-17.717526803874602,1.0615395384480439e-8,1.0615395384480439e-8,2.226728433669261e-12,2.2550177688770503e-35,1.5291548039366912e-40,2.255002477329011e-35
0.013775828950588234,0.15227203715416288,2.3491360282919203e-23,1.8049213118925603e-6,2.8221262034420093e-8,4.582501527802038e-9,-7.715427951929916,-15.430855903859833,1.4097287183608573e-8,1.4097287183608573e-8,9.163066939116077e-12,5.878714044305881e-35,2.8422775541850858e-40,5.878685621530339e-35
0.01383216040092479,0.20201768182233953,2.3300401649342487e-23,1.78296231554993e-6,3.720705004390605e-8,4.5826003854177815e-9,-6.600225260102679,-13.200450520205358,1.8559492457109627e-8,1.8559492457109627e-8,3.605897363167967e-11,1.4752512780075193e-34,5.12902585581593e-40,1.4752461489816635e-34
0.013861092435020072,0.26518905430788675,2.3203228288260575e-23,1.77182245258665e-6,4.8596125978122166e-8,4.582686602913359e-9,-5.519510589641303,-11.039021179282607,2.415135539945105e-8,2.415135539945105e-8,1.3392862174741853e-10,3.466294075613187e-34,8.923293740825855e-40,3.466285152319446e-34
0.013876875352911582,0.34328166561870105,2.3150474603832532e-23,1.765784569850735e-6,6.263430193693613e-8,4.582764663596407e-9,-4.49201494975246,-8.98402989950492,3.084577686389284e-8,3.084577686389284e-8,4.5571216085220596e-10,7.3624882466549445e-34,1.4790034421336795e-39,7.3624734566205235e-34
0.01388636510162175,0.43747188158514133,2.3118842109388128e-23,1.7621673917776292e-6,7.959288272886865e-8,4.582840774282655e-9,-3.5291523875284434,-7.058304775056887,3.8392434849873753e-8,3.8392434849873753e-8,1.3893583992939136e-9,1.3734352054602841e-33,2.3152460517212685e-39,1.3734328902142323e-33
0.0138928580424804,0.5482602565159232,2.309723631366417e-23,1.7596981883706259e-6,9.974805264135728e-8,4.582923597389714e-9,-2.641165512991462,-5.282331025982924,4.614983877529784e-8,4.614983877529784e-8,3.713757195811807e-9,2.1856400168830508e-33,3.3902676910707864e-39,2.1856366266153597e-33
0.013898231582118994,0.6803852142338628,2.3079378314303624e-23,1.7576581703044222e-6,1.2414325103436824e-7,4.583031537711597e-9,-1.8085764979101082,-3.6171529958202164,5.3280340955053604e-8,5.3280340955053604e-8,8.78171941607068e-9,2.8873084307809066e-33,4.646147656292941e-39,2.8873037846332503e-33
0.01390360720015846,0.8344975505315985,2.3061534122142536e-23,1.7556205172311495e-6,1.5256942698626375e-7,4.583199678435814e-9,-1.0450594017437311,-2.0901188034874623,5.8376728748600896e-8,5.8376728748600896e-8,1.7893889565578595e-8,2.8928555564249037e-33,5.88102449712509e-39,2.8928496754004068e-33
0.01390881272373116,0.9649620590575733,2.304427426834728e-23,1.753650340013714e-6,1.7579811634344523e-7,4.583432410184669e-9,-0.5183037131084978,-1.0366074262169955,6.02824173113309e-8,6.02824173113309e-8,2.761220227550371e-8,2.0298923855364082e-33,6.654639458231951e-39,2.02988573089695e-33
0.013912654652309887,1.0311578028581234,2.3031548084613037e-23,1.7521981442026977e-6,1.8704863648316588e-7,4.58364190037522e-9,-0.2822007604636787,-0.5644015209273574,6.057707353062832e-8,6.057707353062832e-8,3.294769006845355e-8,1.2785201337186047e-33,6.94966393269221e-39,1.278513184054672e-33
0.01391756257171832,1.0796180197150314,2.301530619230391e-23,1.7503453502205457e-6,1.94989178674601e-7,4.583939047094875e-9,-0.12054232195382286,-0.24108464390764572,6.056562033626795e-8,6.056562033626795e-8,3.692990007356434e-8,6.0065741893936865e-34,7.12519973283829e-39,6.006502937396358e-34
0.013922472222476629,1.1020319674806656,2.299907575380918e-23,1.7484945154036495e-6,1.9854047841233505e-7,4.584253785070042e-9,-0.04907606296522515,-0.0981521259304503,6.05064830409798e-8,6.05064830409798e-8,3.8763973164153996e-8,2.5446678043546934e-34,7.192768225347537e-39,2.5445958766724397e-34
0.01392776307980999,1.112130816105031,2.2981604325755777e-23,1.7465028939194324e-6,2.0007625054016567e-7,4.5846014411701395e-9,-0.01805380572602333,-0.03610761145204666,6.047259371624043e-8,6.047259371624043e-8,3.9565576648360816e-8,9.507405996206753e-35,7.217056676861817e-39,9.506684290539067e-35
0.01393388774286979,1.1165430649384132,2.2961404360837248e-23,1.744201181095519e-6,2.006858531315932e-7,4.585008073393921e-9,-0.005403281628002521,-0.010806563256005042,6.04597979274931e-8,6.04597979274931e-8,3.988313778946346e-8,2.8579871338700385e-35,7.222100437018327e-39,2.8572649238263365e-35
0.013941248815952424,1.118432660907629,2.2937161768351148e-23,1.7414401611306936e-6,2.0087448132069552e-7,4.5854987086178434e-9,-0.0010023389668767368,-0.0020046779337534737,6.045881134341131e-8,6.045881134341131e-8,3.9978430478903767e-8,5.3010402800302305e-36,7.217742291466503e-39,5.293822537738764e-36
0.013950604074281468,1.1194469700584442,2.2906406987263994e-23,1.7379395576554806e-6,2.0089385271113127e-7,4.586123011453932e-9,0.00021720142103287543,0.00043440284206575086,6.046368553253402e-8,6.046368553253402e-8,3.9983240678278585e-8,-1.1352161655050358e-36,7.20804560892915e-39,-1.142424211113965e-36
0.013963344737744245,1.1203747531167425,2.2864622286384458e-23,1.733187258079788e-6,2.008483780050019e-7,4.586973430968483e-9,0.00045058032064893005,0.0009011606412978601,6.047234295597685e-8,6.047234295597685e-8,3.9951845882276406e-8,-2.3475294715058618e-36,7.193518029421776e-39,-2.3547229895352837e-36
0.01398262727638135,1.1216743420508548,2.2801599696841678e-23,1.7260277234018896e-6,2.0076317625106783e-7,4.588260446592487e-9,0.00047626187117444374,0.0009525237423488875,6.048589515192517e-8,6.048589515192517e-8,3.989569291547622e-8,-2.4571683543177556e-36,7.171298888038962e-39,-2.4643396532057946e-36
0.01401709221006135,1.1239823187832885,2.2689602545520773e-23,1.7133289424384259e-6,2.0060909442904298e-7,4.590560452456405e-9,0.0004800197233554293,0.0009600394467108586,6.051013242222741e-8,6.051013242222741e-8,3.979441478067451e-8,-2.432948790213479e-36,7.131780144647043e-39,-2.440080570358126e-36
0.014094951479612938,1.1291884966874424,2.2439609012995975e-23,1.6850964274853855e-6,2.0026239731750512e-7,4.595754616079019e-9,0.0004858204537354638,0.0009716409074709276,6.056467840473707e-8,6.056467840473707e-8,3.9566520250036554e-8,-2.3656873626472684e-36,7.043596589704912e-39,-2.3727309592369734e-36
0.014294686566468125,1.142501347773252,2.1816868887715684e-23,1.6154489312855255e-6,1.993824964966044e-7,4.609068145884093e-9,0.000500774859446329,0.001001549718892658,6.070326055896268e-8,6.070326055896268e-8,3.8987987669889576e-8,-2.2018380785184512e-36,6.824107570425519e-39,-2.2086621860888767e-36
0.014768703751418833,1.1738500623550348,2.0438785652205202e-23,1.4648509595833745e-6,1.9734805057863001e-7,4.640597615012043e-9,0.0005378698833662376,0.0010757397667324753,6.102434226604402e-8,6.102434226604402e-8,3.764968294780893e-8,-1.8627843971449215e-36,6.339418648317234e-39,-1.8691238157932388e-36
0.01597268889657665,1.2519748106545847,1.7473456048016588e-23,1.157954379463978e-6,1.9250073622244417e-7,4.720238381476424e-9,0.0006437929755631622,0.0012875859511263243,6.179004772403811e-8,6.179004772403811e-8,3.446032176760693e-8,-1.2420672738037941e-36,5.302147977912933e-39,-1.2473694217817071e-36
0.017918718746378015,1.3740274620541046,1.3883920250956627e-23,8.200954449761161e-7,1.855278685774883e-7,4.847567147042147e-9,0.0008570993567547092,0.0017141987135094183,6.28763866057256e-8,6.28763866057256e-8,2.988756167368446e-8,-6.792330006404959e-37,4.060301143971514e-39,-6.832933017844674e-37
0.020711265157687012,1.5408955468666874,1.0391978605650788e-23,5.310160904807017e-7,1.7706950213945617e-7,5.027367690700974e-9,0.0012769103898533363,0.0025538207797066725,6.412011087464065e-8,6.412011087464065e-8,2.4414700713928397e-8,-3.1174672933546526e-37,2.8755507633055732e-39,-3.146222800987708e-37
0.024756085021173862,1.767591821278413,7.27315379095682e-24,3.109130354156522e-7,1.672907846726226e-7,5.282694912618422e-9,0.002247484048838455,0.00449496809767691,6.533174018179461e-8,6.533174018179461e-8,1.8313723156934422e-8,-1.1721452023431252e-37,1.851695813325696e-39,-1.1906621604763821e-37
0.029724967926144256,2.0260382024248984,5.0443741797113725e-24,1.7948302878004698e-7,1.5809970089226413e-7,5.590967821123868e-9,0.004394871502870323,0.008789743005740647,6.605336951654943e-8,6.605336951654943e-8,1.2997311330116044e-8,-4.186592482550209e-38,1.1560959882529636e-39,-4.3022020813755054e-38
0.036624607418438246,2.35441524400049,3.3223236436224214e-24,9.591728166303785e-8,1.487760981609375e-7,6.015805962262373e-9,0.01031016151352171,0.02062032302704342,6.612140755547852e-8,6.612140755547852e-8,8.27001081894602e-9,-1.21187805225937e-38,6.591071374650603e-40,-1.277788766005876e-38
0.045125763361209284,2.721998705689055,2.18798228132497e-24,5.127380471328415e-8,1.4080341948686305e-7,6.544682886130101e-9,0.02759855972863612,0.05519711945727224,6.546154793132885e-8,6.546154793132885e-8,4.950926348002677e-9,-3.37403030243129e-39,3.6687886985669697e-40,-3.740909172287987e-39
0.05560017328422444,3.1419635138142934,1.4407723485943003e-24,2.7379875700124705e-8,1.3444965655547292e-7,7.220141089367727e-9,0.08152214449302919,0.16304428898605838,6.443077520843319e-8,6.443077520843319e-8,2.8214021112448157e-9,-8.434497143197273e-40,2.005594758416795e-40,-1.0440091901614068e-39
0.06668616804804056,3.5898159555767055,1.0011239155991216e-24,1.5844760132341718e-8,1.3092744912125343e-7,7.981704761016371e-9,0.22560925154328793,0.45121850308657585,6.379924935921217e-8,6.379924935921217e-8,1.692659680512525e-9,-2.0447829703496027e-40,1.182760074528305e-40,-3.2275430448779076e-40
0.07998257462613478,4.149182311586712,6.960927945818351e-25,9.176694596698284e-9,1.2970813231042417e-7,8.982458196996177e-9,0.5099715367849038,1.0199430735698076,6.38667889987988e-8,6.38667889987988e-8,1.0001059538295424e-9,-3.4570143485428087e-43,7.024228960086999e-41,-7.058799103572427e-41
0.09616257794502393,4.813010376164337,4.819301043517365e-25,5.28137295965372e-9,1.3086261937724975e-7,1.0366331484512942e-8,0.9079351310568731,1.8158702621137461,6.485505417110386e-8,6.485505417110386e-8,5.732092914078773e-10,3.1067417336700235e-41,4.168068706958646e-41,-1.0613269732886225e-41
0.1258206913544075,5.627773437723289,2.819908985028897e-25,2.3581919081557273e-9,1.3627404322409182e-7,1.3486770242421891e-8,1.2411861900604615,2.482372380120923,6.787844375091562e-8,6.787844375091562e-8,2.525575144229453e-10,1.8758594953552234e-41,1.9231257953604263e-41,-4.72663000052028e-43
0.16610096975391947,5.668067079732379,1.6226127587737926e-25,1.0245971387665158e-9,1.469293599542451e-7,1.915459575672038e-8,0.5363000235296127,1.0726000470592254,7.336301477566949e-8,7.336301477566949e-8,1.2686725456396598e-10,8.333947702319503e-42,8.350145008500026e-42,-1.6197306180523895e-44
0.20379349715255535,5.148746455565581,1.0811530510163625e-25,5.547396806906558e-10,1.5944237347305486e-7,2.620057104128947e-8,-0.687556085613009,-1.375112171226018,7.963017270305425e-8,7.963017270305425e-8,8.68193330061486e-11,4.41207964136034e-42,4.4023832295613656e-42,9.696411798974747e-45
0.2611650582522773,4.331282283171975,6.616581859109667e-26,2.6354345334682876e-10,1.8252340050845852e-7,4.0616042151794344e-8,-2.430080498141538,-4.860160996283076,9.115184975573225e-8,9.115184975573225e-8,5.747391617978555e-11,2.0179959151965514e-42,1.9788570090111968e-42,3.913890618535477e-44
0.3194934779042569,3.788865139665986,4.445383746468345e-26,1.4390944061721204e-10,2.1109856974817875e-7,6.03352058566883e-8,-3.6814748683870198,-7.3629497367740395,1.0547015570881814e-7,1.0547015570881814e-7,4.179593314374207e-11,1.1021135257795859e-42,1.0300431339826367e-42,7.207039179694924e-44
0.38093917439988173,3.482336258437423,3.1452711862091356e-26,8.49174210147265e-11,2.4796823954272046e-7,8.737778502898325e-8,-4.514364896781227,-9.028729793562453,1.2393580648405105e-7,1.2393580648405105e-7,3.321573478758575e-11,6.736053582566641e-43,5.926818989749582e-43,8.09234592817059e-44
0.4542022439530056,3.321531715749416,2.227635334024499e-26,5.002252876935143e-11,3.021990984577869e-7,1.295665735820709e-7,-5.097117897804327,-10.194235795608654,1.5106996343371746e-7,1.5106996343371746e-7,2.847251462550746e-11,4.1431421851680705e-43,3.495098777831093e-43,6.480434073369777e-44
0.6003141032699417,3.25583996051502,1.2914224206281112e-26,2.1624713184492566e-11,4.4464529359478836e-7,2.543028593043894e-7,-5.653775906732918,-11.307551813465835,2.2228644717645818e-7,2.2228644717645818e-7,2.637708963362969e-11,1.890120793266849e-43,1.576564857876224e-43,3.1355593539062507e-44
0.7950969540157224,3.3302659826658965,7.465300791593915e-27,9.312934972032094e-12,7.019535844837091e-7,5.264777104981545e-7,-5.92155349576735,-11.8431069915347,3.5094222691211204e-7,3.5094222691211204e-7,2.8640910121911015e-11,8.311624233049253e-44,7.128047937641798e-44,1.1835762954074553e-44
1.1405978428770722,3.6043809292334177,3.68899044872683e-27,3.16041194990785e-12,1.3057523491724228e-6,1.3588308969434436e-6,-5.95595855934849,-11.91191711869698,6.529736962431691e-7,6.529736962431691e-7,3.4726595325114045e-11,2.5649989348977274e-44,2.3427232072132373e-44,2.2227572768449e-45
1.4595573125331311,3.9310583285538754,2.2720708449328554e-27,1.5104325258003246e-12,1.9375447717868597e-6,2.4939718928455132e-6,-5.809414441979136,-11.618828883958273,9.687139874671628e-7,9.687139874671628e-7,3.720700815493893e-11,9.930187436894797e-45,9.479544797273052e-45,4.506426396217445e-46
2.2384389132027924,5.007503945630774,9.724874764109226e-28,4.1881527666946765e-13,3.258946606688339e-6,5.929224435669769e-6,-5.0506828883208295,-10.101365776641659,1.6285061450265766e-6,1.6285061450265766e-6,2.7799831753601317e-11,1.1964909466820774e-45,1.1918595550687416e-45,4.6313916133357235e-48
2.935702250830099,6.352702498547212,5.658343580732621e-28,1.8556400674588257e-13,3.921223475265577e-6,8.77057872411389e-6,-3.90940421067787,-7.81880842135574,1.9623946682125305e-6,1.9623946682125305e-6,1.4471184039689917e-11,1.935200084193435e-46,1.934930290731505e-46,2.697934619299878e-50
3.7186815466133023,8.33880873322365,3.5267657490507478e-28,9.129040009214456e-14,4.224283011044238e-6,1.129206020128862e-5,-2.088277577165236,-4.176555154330472,2.1150885745039953e-6,2.1150885745039953e-6,5.072481175986688e-12,2.496543583146247e-47,2.496541372745653e-47,2.210400593883065e-53
4.589643447622282,11.22174783248454,2.315266984831245e-28,4.8555874139100476e-14,4.321264361222934e-6,1.358742365353994e-5,0.6840562919539792,1.3681125839079584,2.164755257476914e-6,2.164755257476914e-6,1.1330535751473231e-12,2.51690551169779e-48,2.5169055155321537e-48,-3.8343637161419113e-57
5.664595559543522,15.778285503724762,1.5199268290537706e-28,2.5824440801964623e-14,4.34399829420565e-6,1.6194398799373954e-5,5.171712819388516,10.343425638777031,2.179085850549367e-6,2.179085850549367e-6,1.1195981472207206e-13,1.4522555223106136e-49,1.452255522459688e-49,-1.490744133955159e-59
6.991314950581522,22.796174017840716,9.97802107415406e-29,1.3736029016213968e-14,4.346969488884251e-6,1.9405237337947318e-5,12.143714722556734,24.287429445113467,2.176452255752845e-6,2.176452255752845e-6,3.2623933832147048e-15,4.220748373487521e-51,4.220748373491239e-51,-3.7180482171567735e-63
8.628768678087859,33.27914462840441,6.550380602222718e-29,7.306196074948685e-15,4.347157981301553e-6,2.3449676290436435e-5,22.570650350883767,45.141300701767534,2.1393054080206398e-6,2.1393054080206398e-6,1.628495294611555e-17,5.303780693073047e-53,5.30378069307305e-53,-2.693113378826246e-68
9.996273148281682,43.61888047442416,4.880784800678494e-29,4.6991949061770795e-15,4.347163187156406e-6,2.6872751375009005e-5,32.88276537636476,65.76553075272952,2.12834781429086e-6,2.12834781429086e-6,9.029608181326426e-20,1.3798202655465835e-54,1.3798202655465835e-54,-3.474112130635145e-73
11.191810918972708,53.80126959263937,3.893737300300497e-29,3.3483951916988374e-15,4.347163426823929e-6,2.9887457435438856e-5,43.0539631061339,86.1079262122678,2.139100835118885e-6,2.139100835118885e-6,5.54598407990671e-22,5.733044764315554e-56,5.733044764315554e-56,-6.711906588270206e-78
12.530333033923528,66.45987267071274,3.1063029803029107e-29,2.385887494271005e-15,4.347163442355168e-6,3.32818899470047e-5,55.69355190290359,111.38710380580719,2.1314491029709387e-6,2.1314491029709387e-6,9.706734770667198e-25,1.612608663645454e-57,1.612608663645454e-57,-1.0511778566937134e-83
13.851476976131721,80.16502610470836,2.5420173806637135e-29,1.7662393214109892e-15,4.347163443030962e-6,3.6647500736095054e-5,69.38087475307613,138.76174950615226,2.1248458749892254e-6,2.1248458749892254e-6,1.0073454576495212e-27,4.771052125847483e-59,4.771052125847483e-59,-6.23637549567666e-90
14.946641157827498,92.52959209412957,2.1831563067842963e-29,1.4057463952926474e-15,4.347163443060468e-6,3.9444628879738734e-5,81.74480182985414,163.48960365970828,2.1449011669123407e-6,2.1449011669123407e-6,2.1030551861744695e-30,2.6028674640443253e-60,2.6028674640443253e-60,-1.7284954269575452e-95
16.12839427057634,107.06591061823724,1.874956748155297e-29,1.118830785796125e-15,4.347163443062669e-6,4.246849849494911e-5,96.27847521042231,192.55695042084463,2.1535867439024216e-6,2.1535867439024216e-6,1.4711005983452616e-33,1.1117881936703466e-61,1.1117881936703466e-61,-5.379597376020883e-102
17.408146880226724,124.09453490097064,1.609422335062295e-29,8.897749513400843e-16,4.347163443062792e-6,4.574939094448349e-5,113.30271814519433,226.60543629038867,2.1555446556729586e-6,2.1555446556729586e-6,2.9446525398687975e-37,3.630819983697611e-63,3.630819983697611e-63,-1.368560195561505e-109
18.78944504453253,143.87424915149677,1.3814937376208746e-29,7.076132280976605e-16,4.3471634430628e-6,4.9296902323512136e-5,133.07614509867798,266.15229019735597,2.153127375474767e-6,2.153127375474767e-6,1.483342510109884e-41,9.022951663259242e-65,9.022951663259242e-65,-2.201659575628957e-118
20.28034617989793,166.70704136410578,1.1858450728273969e-29,5.62745084950612e-16,4.3471634430628e-6,5.313214600258322e-5,155.89923681456997,311.79847362913995,2.145925355406509e-6,2.145925355406509e-6,1.6141969208949434e-46,1.6770281928167385e-66,1.6770281928167385e-66,-1.6477825283929887e-128
21.88954704099581,192.70017812444993,1.017904732293939e-29,4.475354869883215e-16,4.3471634430628e-6,5.727822052935698e-5,181.87592071448466,363.7518414289693,2.132583468553622e-6,2.132583468553622e-6,3.582257663266257e-52,2.298356424633949e-68,2.298356424633949e-68,-5.1101008373925975e-140
23.62643445085315,221.6734913196971,8.7374855843473e-30,3.5591250367198633e-16,4.3471634430628e-6,6.17599629391172e-5,210.8258387002108,421.6516774004216,2.120473337650144e-6,2.120473337650144e-6,1.7798247601093304e-58,2.305986393318415e-70,2.305986393318415e-70,-7.927206352528199e-153
25.501140056257018,254.95108902685513,7.500081495288094e-30,2.8304729781879026e-16,4.3471634430628e-6,6.660105963414853e-5,244.0902246873714,488.1804493747428,2.131018327622892e-6,2.131018327622892e-6,1.0494004899133913e-65,1.6296653235053375e-72,1.6296653235053375e-72,-1.7340182691882454e-167
26.566925701850256,275.6365036111324,6.910411328384505e-30,2.5033057619051926e-16,4.3471634430628e-6,6.935381928342531e-5,264.7819538932373,529.5639077864746,2.1558379015761814e-6,2.1558379015761814e-6,3.4440936997245574e-70,9.690871782115877e-74,9.690871782115877e-74,-1.4600782344530833e-176
27.67725441649243,298.62657649259006,6.36710292394617e-30,2.2139549770934735e-16,4.3471634430628e-6,7.222182988853578e-5,287.77549542901926,575.5509908580385,2.1679706269557443e-6,2.1679706269557443e-6,3.5393505535656836e-75,5.032368973145386e-75,5.032368973145386e-75,-1.2087035163294491e-186
28.99034636990597,327.2850921891708,5.8034026922964935e-30,1.926538045191674e-16,4.3471634430628e-6,7.561484374114197e-5,316.4340523744442,632.8681047488884,2.1703403275109024e-6,2.1703403275109024e-6,2.120513052972504e-81,1.507543454097736e-76,1.507543454097736e-76,-3.3073605763559223e-199
30.595293361207368,364.0959058493076,5.2105344072693156e-30,1.6389810689750554e-16,4.3471634430628e-6,7.976391670338436e-5,353.2430902910924,706.4861805821848,2.169077780450483e-6,2.169077780450483e-6,2.148823417884481e-89,2.0693199052565052e-78,2.0693199052565052e-78,-2.492506797832548e-215
32.42456199790938,408.31957132598876,4.63922622143571e-30,1.3769413685230802e-16,4.3471634430628e-6,8.449514433149612e-5,397.4635489858477,794.9270979716954,2.1658218670234877e-6,2.1658218670234877e-6,5.3364630493866e-99,1.5638433505573145e-80,1.5638433505573145e-80,-1.1085555112883852e-234
34.39389637382417,458.4210089865613,4.1231912481665295e-30,1.1537020578245092e-16,4.3471634430628e-6,8.95909920610283e-5,447.5599760109158,895.1199520218316,2.1609987244055884e-6,2.1609987244055884e-6,6.996012437189992e-110,8.176868168330496e-83,8.176868168330496e-83,-1.3726517194765078e-256
36.48284001028687,513.8907021682597,3.664557639532186e-30,9.666558567095563e-17,4.3471634430628e-6,9.499876565109014e-5,503.0221617327584,1006.0443234655168,2.1558331777508042e-6,2.1558331777508042e-6,6.245606572642881e-122,3.144584726257855e-85,3.144584726257855e-85,-7.880129292555941e-281
38.69865748124886,575.1141771474569,3.256940259010169e-30,8.099348865450572e-17,4.3471634430628e-6,0.00010073717925592149,564.2387121428683,1128.4774242857366,2.157427965042153e-6,2.157427965042153e-6,3.151234567015894e-135,8.769208302557159e-88,8.769208302557159e-88,-1.4382621276556886e-307
40.49252001834809,627.9778458635894,2.9747755977897586e-30,7.06990187041145e-17,4.3471634430628e-6,0.00010538373325519658,617.0973526269197,1234.1947052538394,2.1546907030051992e-6,2.1546907030051992e-6,1.0390038527774013e-146,7.424384804544042e-90,7.424384804544042e-90,-0.0
41.95742322619921,672.8020102058704,2.7706905675724824e-30,6.354938863335037e-17,4.3471634430628e-6,0.00010917875419315074,661.9222560192444,1323.8445120384888,2.1627544565986768e-6,2.1627544565986768e-6,1.9282729608673155e-156,1.517031192085472e-91,1.517031192085472e-91,-0.0
43.475322429542835,721.5834337251371,2.5806072201605594e-30,5.71227843002227e-17,4.3471634430628e-6,0.00011311141588904981,710.704246234475,1421.40849246895,2.167078888663686e-6,2.167078888663686e-6,4.938324215363169e-167,2.6717371165809077e-93,2.6717371165809077e-93,-0.0
45.124227829381304,776.7944995820334,2.3954660236873293e-30,5.108677091369229e-17,4.3471634430628e-6,0.00011738405826066491,765.9147826648189,1531.8295653296377,2.167884938102367e-6,2.167884938102367e-6,5.065573156471553e-179,3.3094647508819464e-95,3.3094647508819464e-95,-0.0
46.89243338212916,838.2354473730124,2.2182282956811675e-30,4.55228550958009e-17,4.3471634430628e-6,0.00012196650231479023,827.3543375691369,1654.7086751382737,2.1669241329063924e-6,2.1669241329063924e-6,2.3022096573334995e-192,2.9854216722298865e-97,2.9854216722298865e-97,-0.0
48.72992656653668,904.3428186886279,2.0541045872226974e-30,4.056491140483973e-17,4.3471634430628e-6,0.00012672920329818174,893.4596611126655,1786.919322225331,2.165268696669716e-6,2.165268696669716e-6,1.0137546796425668e-206,2.2453535651115675e-99,2.2453535651115675e-99,-0.0
50.63942243792847,975.2284271328932,1.902124561890562e-30,3.6146942756986534e-17,4.3471634430628e-6,0.0001316792403716421,964.3421634628908,1928.6843269257815,2.1628008953100935e-6,2.1628008953100935e-6,4.088025171403719e-222,1.4002400193784121e-101,1.4002400193784121e-101,-0.0
52.623742441835276,1050.7967494400552,1.761389681113307e-30,3.2210139882642084e-17,4.3471634430628e-6,0.00013682399403074804,1039.9056417134564,2079.8112834269127,2.1593011997636604e-6,2.1593011997636604e-6,1.5823034414740763e-238,7.206379254520056e-104,7.206379254520056e-104,-0.0
54.68581858292417,1130.5943393350642,1.6310678919569726e-30,2.870209849376064e-17,4.3471634430628e-6,0.00014217116437381956,1119.695652685423,2239.391305370846,2.154586574153806e-6,2.154586574153806e-6,7.366399782273696e-256,3.050729842587937e-106,3.050729842587937e-106,-0.0
56.828697757289326,1213.7719165459282,1.5103887073179011e-30,2.5576121710340197e-17,4.3471634430628e-6,0.00014772876376877204,1202.8618637602306,2405.723727520461,2.148878988850956e-6,2.148878988850956e-6,6.301082868630334e-274,1.0602030981516908e-108,1.0602030981516908e-108,-0.0
58.76433635689277,1290.2780341970572,1.412533881235312e-30,2.3131100464676552e-17,4.3471634430628e-6,0.00015274931888568027,1279.360878729459,2558.721757458918,2.1523190138575992e-6,2.1523190138575992e-6,1.5274136804039614e-290,6.4365207419944766e-111,6.4365207419944766e-111,-0.0
60.76590461767333,1372.6003941964195,1.3210191075463154e-30,2.091981789759175e-17,4.3471634430628e-6,0.00015794106024286466,1361.6767758424542,2723.3535516849083,2.1548111483499244e-6,2.1548111483499244e-6,0.0,3.267654916499231e-113,3.267654916499231e-113,-0.0
62.83564816555715,1460.8200394122923,1.2354336035650748e-30,1.891992910310157e-17,4.3471634430628e-6,0.00016330987826272935,1449.8902406049906,2899.780481209981,2.1564966583896944e-6,2.1564966583896944e-6,0.0,1.3818147894645743e-115,1.3818147894645743e-115,-0.0
64.97588911458986,1554.9899402891285,1.1553932021792835e-30,1.711122529931739e-17,4.3471634430628e-6,0.00016886184404907905,1544.0540676573096,3088.108135314619,2.1578404921841423e-6,2.1578404921841423e-6,0.0,4.8478342539392184e-118,4.8478342539392184e-118,-0.0
67.18902867219342,1655.3566762093446,1.0805386273799347e-30,1.5475429619660025e-17,4.3471634430628e-6,0.00017460320365056048,1644.4149431927306,3288.829886385461,2.159408885743633e-6,2.159408885743633e-6,0.0,1.4035660803455913e-120,1.4035660803455913e-120,-0.0
69.47754983316051,1762.4667779340402,1.0105338814284121e-30,1.399601242598348e-17,4.3471634430628e-6,0.00018054038683836953,1751.5197490817986,3503.0394981635973,2.161719954182927e-6,2.161719954182927e-6,0.0,3.330624792161974e-123,3.330624792161974e-123,-0.0
71.84402016540892,1877.1745844196823,9.45064736666601e-31,1.2658024277363409e-17,4.3471634430628e-6,0.00018668002552231188,1866.2233137005774,3732.4466274011547,2.1651690580346943e-6,2.1651690580346943e-6,0.0,6.425038527713513e-126,6.425038527713513e-126,-0.0
74.40629637610184,2005.272049517519,8.811028812400421e-31,1.139485332376714e-17,4.3471634430628e-6,0.00019332795845106,1994.3171307873713,3988.6342615747426,2.170371345319297e-6,2.170371345319297e-6,0.0,7.400479043994096e-129,7.400479043994096e-129,-0.0
77.56035289964883,2164.938739029469,8.109057240587865e-31,1.0060474699473882e-17,4.3471634430628e-6,0.0002015118433349846,2153.9827124437306,4307.965424887461,2.1887934423280273e-6,2.1887934423280273e-6,0.0,1.821724013268253e-132,1.821724013268253e-132,-0.0
79.58936644374161,2279.4936812679503,7.700915300124666e-31,9.310492611110631e-18,4.3471634430628e-6,0.00020677635264642832,2268.532486361274,4537.064972722548,2.1776995806943782e-6,2.1776995806943782e-6,0.0,8.34018444733878e-135,8.34018444733878e-135,-0.0
81.78135634669587,2402.917647607108,7.293677381705932e-31,8.581730569275738e-18,4.3471634430628e-6,0.00021246402763711508,2391.955955883775,4783.91191176755,2.1817797472397158e-6,2.1817797472397158e-6,0.0,2.5287449218047917e-137,2.5287449218047917e-137,-0.0
84.03371637130515,2528.8385435542355,6.907976112742686e-31,7.910011063835219e-18,4.3471634430628e-6,0.0002183087490303483,2517.873582229588,5035.747164459176,2.185236968608288e-6,2.185236968608288e-6,0.0,6.627094283396962e-140,6.627094283396962e-140,-0.0
86.05472626944582,2643.5056727420065,6.587354354867669e-31,7.365693109403949e-18,4.3471634430628e-6,0.0002235533332221955,2632.534857272343,5265.069714544686,2.182814969942315e-6,2.182814969942315e-6,0.0,3.20071154809697e-142,3.20071154809697e-142,-0.0
87.90213218533806,2749.9430840119253,6.313409494279484e-31,6.9109790072482696e-18,4.3471634430628e-6,0.00022834752484819559,2738.967091633599,5477.934183267198,2.181300879324983e-6,2.181300879324983e-6,0.0,2.4492274849010546e-144,2.4492274849010546e-144,-0.0
89.78919784760366,2855.7313219165253,6.05085772165116e-31,6.4843362503994686e-18,4.3471634430628e-6,0.00023324492680776106,2844.7487219947893,5689.497443989579,2.182320806944792e-6,2.182320806944792e-6,0.0,1.7149192542556053e-146,1.7149192542556053e-146,-0.0
91.49523290104717,2953.13840411016,5.827339380667711e-31,6.128333645935193e-18,4.3471634430628e-6,0.00023767257617566173,2942.148802958135,5884.29760591627,2.180429528563161e-6,2.180429528563161e-6,0.0,1.929299185086316e-148,1.929299185086316e-148,-0.0
93.23368338611664,3048.9993908866213,5.612078315017982e-31,5.791876273163296e-18,4.3471634430628e-6,0.00024218459202049775,3038.0014484628973,6076.002896925795,2.1808392917364382e-6,2.1808392917364382e-6,0.0,2.0224637361478262e-150,2.0224637361478262e-150,-0.0
94.80941421209404,3137.937062269172,5.4271076980667766e-31,5.507866595535688e-18,4.3471634430628e-6,0.0002462742963793199,3126.931289285271,6253.862578570542,2.179319342449116e-6,2.179319342449116e-6,0.0,3.237528680241093e-152,3.237528680241093e-152,-0.0
96.41177626774896,3224.937429473199,5.248233997900563e-31,5.23778357883481e-18,4.3471634430628e-6,0.0002504333170620054,3213.9224620810614,6427.844924162123,2.179420764284001e-6,2.179420764284001e-6,0.0,4.895021632560554e-154,4.895021632560554e-154,-0.0
97.87591851690505,3306.4540880967456,5.092411354006517e-31,5.006223682866953e-18,4.3471634430628e-6,0.00025423357267117164,3295.4308563102254,6590.861712620451,2.1783175705558077e-6,2.1783175705558077e-6,0.0,1.0586954862995607e-155,1.0586954862995607e-155,-0.0
99.36229573163017,3385.9094135931377,4.941215475250078e-31,4.784900938666366e-18,4.3471634430628e-6,0.000258091702766388,3374.876580355133,6749.753160710266,2.1782796070717037e-6,2.1782796070717037e-6,0.0,2.1842369709664137e-157,2.1842369709664137e-157,-0.0
100.17884945129673,3441.0818350084205,4.861003831647251e-31,4.668847449475169e-18,4.3471634430628e-6,0.00026021085438539493,3430.046957521247,6860.093915042494,2.1744816019393606e-6,2.1744816019393606e-6,0.0,2.514207449649565e-158,2.514207449649565e-158,-0.0
